	hitsIn	hitsOut
pfam1	2	1
pfam2	31	3
pfam3	31	3
pfam4	31	3
pfam5	31	3
pfam6	31	2
pfam7	31	3
pfam8	31	3
pfam9	31	3
pfam10	31	3
pfam11	31	2
pfam12	31	3
pfam13	31	3
pfam14	31	2
pfam15	31	3
pfam16	1	1
pfam17	31	3
pfam18	31	3
pfam19	31	3
pfam20	31	3
pfam21	31	3
pfam22	31	3
pfam23	30	3
pfam24	31	3
pfam25	31	3
pfam26	31	3
pfam27	31	3
pfam28	31	3
pfam29	29	2
pfam30	4	1
pfam31	31	3
pfam32	31	3
pfam33	31	3
pfam34	31	3
pfam35	31	3
pfam36	31	3
pfam37	31	3
pfam38	31	3
pfam39	31	3
pfam40	31	3
pfam41	30	3
pfam42	31	3
pfam43	31	3
pfam44	31	3
pfam45	31	3
pfam46	31	3
pfam47	31	3
pfam48	30	3
pfam49	31	3
pfam50	31	3
pfam51	31	3
pfam52	31	3
pfam53	31	3
pfam54	31	3
pfam55	31	3
pfam56	30	3
pfam57	31	3
pfam58	31	3
pfam59	31	3
pfam60	31	3
pfam61	31	3
pfam62	31	3
pfam63	31	3
pfam64	31	3
pfam65	31	3
pfam66	30	3
pfam67	31	3
pfam68	31	3
pfam69	31	3
pfam70	31	3
pfam71	31	3
pfam72	31	3
pfam73	31	3
pfam74	31	3
pfam75	31	3
pfam76	31	3
pfam77	30	3
pfam78	31	3
pfam79	31	3
pfam80	31	3
pfam81	31	3
pfam82	31	3
pfam83	31	3
pfam84	31	3
pfam85	31	3
pfam86	31	3
pfam87	30	3
pfam88	31	3
pfam89	31	3
pfam90	31	3
pfam91	31	3
pfam92	31	3
pfam93	31	3
pfam94	31	3
pfam95	31	3
pfam96	31	3
pfam97	31	3
pfam98	31	3
pfam99	31	3
pfam100	31	3
pfam101	31	3
pfam102	31	3
pfam103	31	3
pfam104	31	3
pfam105	31	3
pfam106	31	3
pfam107	31	3
pfam108	31	3
pfam109	31	3
pfam110	31	3
pfam111	31	3
pfam112	31	3
pfam113	31	3
pfam114	31	3
pfam115	31	3
pfam116	31	3
pfam117	31	3
pfam118	31	3
pfam119	31	3
pfam120	31	3
pfam121	1	1
pfam122	31	3
pfam123	31	3
pfam124	31	3
pfam125	31	3
pfam126	31	3
pfam127	31	3
pfam128	31	3
pfam129	31	3
pfam130	31	3
pfam131	31	3
pfam132	4	3
pfam133	31	3
pfam134	31	2
pfam135	31	3
pfam136	31	3
pfam137	31	3
pfam138	31	3
pfam139	31	3
pfam140	31	3
pfam141	31	3
pfam142	31	3
pfam143	31	3
pfam144	31	3
pfam145	31	3
pfam146	31	3
pfam147	31	3
pfam148	31	3
pfam149	31	3
pfam150	29	3
pfam151	31	3
pfam152	30	3
pfam153	31	3
pfam154	31	3
pfam155	31	3
pfam156	31	3
pfam157	31	3
pfam158	31	3
pfam159	31	3
pfam160	31	3
pfam161	31	3
pfam162	31	3
pfam163	31	3
pfam164	31	3
pfam165	31	3
pfam166	31	3
pfam167	31	2
pfam168	30	3
pfam169	31	3
pfam170	31	3
pfam171	31	3
pfam172	30	3
pfam173	31	3
pfam174	31	3
pfam175	31	3
pfam176	31	3
pfam177	30	3
pfam178	31	3
pfam179	31	3
pfam180	31	3
pfam181	6	3
pfam182	31	3
pfam183	31	3
pfam184	31	3
pfam185	31	3
pfam186	31	2
pfam187	31	3
pfam188	31	3
pfam189	31	3
pfam190	31	3
pfam191	31	3
pfam192	31	3
pfam193	31	3
pfam194	31	3
pfam195	31	3
pfam196	30	3
pfam197	31	3
pfam198	31	3
pfam199	31	3
pfam200	31	3
pfam201	31	3
pfam202	31	3
pfam203	31	3
pfam204	31	3
pfam205	31	3
pfam206	31	3
pfam207	31	3
pfam208	30	3
pfam209	30	3
pfam210	31	2
pfam211	31	3
pfam212	31	3
pfam213	31	2
pfam214	31	3
pfam215	31	3
pfam216	31	2
pfam217	31	3
pfam218	31	3
pfam219	30	3
pfam220	31	3
pfam221	31	3
pfam222	31	3
pfam223	31	3
pfam224	31	3
pfam225	31	3
pfam226	31	3
pfam227	31	3
pfam228	31	2
pfam229	6	3
pfam230	31	3
pfam231	31	2
pfam232	31	3
pfam233	31	3
pfam234	30	3
pfam235	31	3
pfam236	31	3
pfam237	30	3
pfam238	31	3
pfam239	31	3
pfam240	31	3
pfam241	31	3
pfam242	31	3
pfam243	31	3
pfam244	31	3
pfam245	31	3
pfam246	30	3
pfam247	31	3
pfam248	31	2
pfam249	31	3
pfam250	31	3
pfam251	31	3
pfam252	31	3
pfam253	31	3
pfam254	31	3
pfam255	31	3
pfam256	31	3
pfam257	31	3
pfam258	31	3
pfam259	31	3
pfam260	31	3
pfam261	31	3
pfam262	31	3
pfam263	31	3
pfam264	31	3
pfam265	31	3
pfam266	31	3
pfam267	31	3
pfam268	31	3
pfam269	31	3
pfam270	31	3
pfam271	31	3
pfam272	31	2
pfam273	31	3
pfam274	31	3
pfam275	31	3
pfam276	31	3
pfam277	31	2
pfam278	31	3
pfam279	31	3
pfam280	31	3
pfam281	31	3
pfam282	31	3
pfam283	31	3
pfam284	31	3
pfam285	31	3
pfam286	31	1
pfam287	31	3
pfam288	31	3
pfam289	31	3
pfam290	31	2
pfam291	31	3
pfam292	31	3
pfam293	31	3
pfam294	31	3
pfam295	31	3
pfam296	31	3
pfam297	31	3
pfam298	31	3
pfam299	31	3
pfam300	31	3
pfam301	31	3
pfam302	31	3
pfam303	31	3
pfam304	31	3
pfam305	31	3
pfam306	31	3
pfam307	31	3
pfam308	31	3
pfam309	31	3
pfam310	31	3
pfam311	31	3
pfam312	31	3
pfam313	31	3
pfam314	31	3
pfam315	31	3
pfam316	30	2
pfam317	31	3
pfam318	30	3
pfam319	31	3
pfam320	31	1
pfam321	31	3
pfam322	31	2
pfam323	31	3
pfam324	31	3
pfam325	31	3
pfam326	31	3
pfam327	31	3
pfam328	31	3
pfam329	31	3
pfam330	30	2
pfam331	31	3
pfam332	31	3
pfam333	31	3
pfam334	31	3
pfam335	31	3
pfam336	31	3
pfam337	31	3
pfam338	31	3
pfam339	30	3
pfam340	31	3
pfam341	31	3
pfam342	31	3
pfam343	31	3
pfam344	31	3
pfam345	31	3
pfam346	31	3
pfam347	6	2
pfam348	31	3
pfam349	6	3
pfam350	31	3
pfam351	30	3
pfam352	31	3
pfam353	31	3
pfam354	31	3
pfam355	31	2
pfam356	31	3
pfam357	31	3
pfam358	31	3
pfam359	31	3
pfam360	30	3
pfam361	31	3
pfam362	31	3
pfam363	31	3
pfam364	31	3
pfam365	31	3
pfam366	31	3
pfam367	31	3
pfam368	31	3
pfam369	31	3
pfam370	31	3
pfam371	31	3
pfam372	31	3
pfam373	31	3
pfam374	31	3
pfam375	31	3
pfam376	31	3
pfam377	31	3
pfam378	31	3
pfam379	30	3
pfam380	30	3
pfam381	27	1
pfam382	30	1
pfam383	31	3
pfam384	30	3
pfam385	31	3
pfam386	31	3
pfam387	31	3
pfam388	31	3
pfam389	31	3
pfam390	31	3
pfam391	31	3
pfam392	31	3
pfam393	31	3
pfam394	30	3
pfam395	30	3
pfam396	31	3
pfam397	31	3
pfam398	31	3
pfam399	31	2
pfam400	31	3
pfam401	31	3
pfam402	31	3
pfam403	31	3
pfam404	31	3
pfam405	31	3
pfam406	30	3
pfam407	31	3
pfam408	31	3
pfam409	31	3
pfam410	31	3
pfam411	31	3
pfam412	31	3
pfam413	31	3
pfam414	31	2
pfam415	31	3
pfam416	31	2
pfam417	31	3
pfam418	31	3
pfam419	31	3
pfam420	31	3
pfam421	31	3
pfam422	31	3
pfam423	31	3
pfam424	31	3
pfam425	31	3
pfam426	31	3
pfam427	31	3
pfam428	31	3
pfam429	31	3
pfam430	31	3
pfam431	31	3
pfam432	31	3
pfam433	31	3
pfam434	31	3
pfam435	31	3
pfam436	31	3
pfam437	31	3
pfam438	31	3
pfam439	31	3
pfam440	31	3
pfam441	31	3
pfam442	31	3
pfam443	31	3
pfam444	31	3
pfam445	31	3
pfam446	31	3
pfam447	31	3
pfam448	31	3
pfam449	31	3
pfam450	31	3
pfam451	31	3
pfam452	31	3
pfam453	31	3
pfam454	31	3
pfam455	31	3
pfam456	31	3
pfam457	31	3
pfam458	31	3
pfam459	31	3
pfam460	31	3
pfam461	31	3
pfam462	31	3
pfam463	31	3
pfam464	31	3
pfam465	31	3
pfam466	31	3
pfam467	5	3
pfam468	31	3
pfam469	31	3
pfam470	31	3
pfam471	31	3
pfam472	31	3
pfam473	31	3
pfam474	31	3
pfam475	31	3
pfam476	31	3
pfam477	31	3
pfam478	31	3
pfam479	31	3
pfam480	31	3
pfam481	31	3
pfam482	31	3
pfam483	31	3
pfam484	31	3
pfam485	31	3
pfam486	31	3
pfam487	31	3
pfam488	31	3
pfam489	31	3
pfam490	31	3
pfam491	31	3
pfam492	31	3
pfam493	31	3
pfam494	31	3
pfam495	31	3
pfam496	31	3
pfam497	31	3
pfam498	31	3
pfam499	31	3
pfam500	31	3
pfam501	1	1
pfam502	1	1
pfam503	1	1
pfam504	1	1
pfam505	30	3
pfam506	31	3
pfam507	31	3
pfam508	31	3
pfam509	31	3
pfam510	31	3
pfam511	31	3
pfam512	30	3
pfam513	31	3
pfam514	31	3
pfam515	31	3
pfam516	31	3
pfam517	31	3
pfam518	31	3
pfam519	31	3
pfam520	31	3
pfam521	31	3
pfam522	31	3
pfam523	31	3
pfam524	31	3
pfam525	31	3
pfam526	31	3
pfam527	31	3
pfam528	31	3
pfam529	31	3
pfam530	30	3
pfam531	31	3
pfam532	31	3
pfam533	31	3
pfam534	31	3
pfam535	31	3
pfam536	31	3
pfam537	31	3
pfam538	31	3
pfam539	31	3
pfam540	31	3
pfam541	31	3
pfam542	31	3
pfam543	31	3
pfam544	31	3
pfam545	31	3
pfam546	31	3
pfam547	31	3
pfam548	31	3
pfam549	31	3
pfam550	31	3
pfam551	31	2
pfam552	28	2
pfam553	31	3
pfam554	31	3
pfam555	30	3
pfam556	31	3
pfam557	30	3
pfam558	31	3
pfam559	31	3
pfam560	31	3
pfam561	31	3
pfam562	31	3
pfam563	31	3
pfam564	31	3
pfam565	31	3
pfam566	31	3
pfam567	31	3
pfam568	31	3
pfam569	31	3
pfam570	31	2
pfam571	31	3
pfam572	31	2
pfam573	31	3
pfam574	31	3
pfam575	31	3
pfam576	31	3
pfam577	31	3
pfam578	31	3
pfam579	30	3
pfam580	31	3
pfam581	31	3
pfam582	31	3
pfam583	2	2
pfam584	2	2
pfam585	29	1
pfam586	29	2
pfam587	4	1
pfam588	2	2
pfam589	2	1
pfam590	31	3
pfam591	31	3
pfam592	31	3
pfam593	31	3
pfam594	31	3
pfam595	29	1
pfam596	29	2
pfam597	31	3
pfam598	31	3
pfam599	31	3
pfam600	31	3
pfam601	31	3
pfam602	31	3
pfam603	31	3
pfam604	31	3
pfam605	29	2
pfam606	31	3
pfam607	31	3
pfam608	31	3
pfam609	31	3
pfam610	31	3
pfam611	31	3
pfam612	31	3
pfam613	31	3
pfam614	31	3
pfam615	31	3
pfam616	31	3
pfam617	31	3
pfam618	31	3
pfam619	31	3
pfam620	31	3
pfam621	31	3
pfam622	31	3
pfam623	31	3
pfam624	31	3
pfam625	31	3
pfam626	31	3
pfam627	31	3
pfam628	31	3
pfam629	31	3
pfam630	31	3
pfam631	31	3
pfam632	31	3
pfam633	31	3
pfam634	31	3
pfam635	31	3
pfam636	31	3
pfam637	31	3
pfam638	31	3
pfam639	30	3
pfam640	31	3
pfam641	31	3
pfam642	31	3
pfam643	31	3
pfam644	31	3
pfam645	31	3
pfam646	31	3
pfam647	31	3
pfam648	31	3
pfam649	31	2
pfam650	31	3
pfam651	31	3
pfam652	31	3
pfam653	31	3
pfam654	31	3
pfam655	30	3
pfam656	31	3
pfam657	31	3
pfam658	31	2
pfam659	31	3
pfam660	31	3
pfam661	31	3
pfam662	31	3
pfam663	31	3
pfam664	31	3
pfam665	31	3
pfam666	31	3
pfam667	31	3
pfam668	31	3
pfam669	31	3
pfam670	31	3
pfam671	2	1
pfam672	31	3
pfam673	31	3
pfam674	31	3
pfam675	31	3
pfam676	31	3
pfam677	31	3
pfam678	31	2
pfam679	31	3
pfam680	31	3
pfam681	31	3
pfam682	31	3
pfam683	31	3
pfam684	31	3
pfam685	31	3
pfam686	31	3
pfam687	31	2
pfam688	31	3
pfam689	30	3
pfam690	31	3
pfam691	20	2
pfam692	13	2
pfam693	28	2
pfam694	31	3
pfam695	31	3
pfam696	31	3
pfam697	31	3
pfam698	31	3
pfam699	31	3
pfam700	31	3
pfam701	31	3
pfam702	31	3
pfam703	31	3
pfam704	31	3
pfam705	31	3
pfam706	30	3
pfam707	31	3
pfam708	31	2
pfam709	31	3
pfam710	31	3
pfam711	31	3
pfam712	31	3
pfam713	31	2
pfam714	31	3
pfam715	31	3
pfam716	31	2
pfam717	31	3
pfam718	31	3
pfam719	31	3
pfam720	31	3
pfam721	31	3
pfam722	31	3
pfam723	31	3
pfam724	31	3
pfam725	31	3
pfam726	31	3
pfam727	31	3
pfam728	31	3
pfam729	31	3
pfam730	31	3
pfam731	31	3
pfam732	31	3
pfam733	31	3
pfam734	31	3
pfam735	31	3
pfam736	31	3
pfam737	31	3
pfam738	31	3
pfam739	31	3
pfam740	31	3
pfam741	31	3
pfam742	31	3
pfam743	31	3
pfam744	31	3
pfam745	31	3
pfam746	31	3
pfam747	31	3
pfam748	31	3
pfam749	31	3
pfam750	31	2
pfam751	31	3
pfam752	31	3
pfam753	31	3
pfam754	31	3
pfam755	31	2
pfam756	31	3
pfam757	31	3
pfam758	31	3
pfam759	31	3
pfam760	31	3
pfam761	31	3
pfam762	31	3
pfam763	31	2
pfam764	31	3
pfam765	31	3
pfam766	31	3
pfam767	31	3
pfam768	31	3
pfam769	30	3
pfam770	31	3
pfam771	31	3
pfam772	31	3
pfam773	31	3
pfam774	31	3
pfam775	31	3
pfam776	31	3
pfam777	30	3
pfam778	31	3
pfam779	31	3
pfam780	31	3
pfam781	31	3
pfam782	31	3
pfam783	31	3
pfam784	31	3
pfam785	31	3
pfam786	31	3
pfam787	31	3
pfam788	31	3
pfam789	30	3
pfam790	31	3
pfam791	31	3
pfam792	31	3
pfam793	31	3
pfam794	31	3
pfam795	31	3
pfam796	31	3
pfam797	31	3
pfam798	31	3
pfam799	31	3
pfam800	31	3
pfam801	31	3
pfam802	31	3
pfam803	31	3
pfam804	31	3
pfam805	31	3
pfam806	30	3
pfam807	31	3
pfam808	31	3
pfam809	31	3
pfam810	31	3
pfam811	31	3
pfam812	31	2
pfam813	31	3
pfam814	31	3
pfam815	31	3
pfam816	31	3
pfam817	31	3
pfam818	31	3
pfam819	31	3
pfam820	31	3
pfam821	31	3
pfam822	31	3
pfam823	31	3
pfam824	31	3
pfam825	31	3
pfam826	31	3
pfam827	31	3
pfam828	31	3
pfam829	31	3
pfam830	2	1
pfam831	3	3
pfam832	30	3
pfam833	31	3
pfam834	30	3
pfam835	31	3
pfam836	31	3
pfam837	31	3
pfam838	31	3
pfam839	31	3
pfam840	31	3
pfam841	31	3
pfam842	28	1
pfam843	2	0
pfam844	30	2
pfam845	30	2
pfam846	29	2
pfam847	30	2
pfam848	30	1
pfam849	30	2
pfam850	31	3
pfam851	31	3
pfam852	31	3
pfam853	31	3
pfam854	31	3
pfam855	31	3
pfam856	31	3
pfam857	31	3
pfam858	31	3
pfam859	31	3
pfam860	31	3
pfam861	31	3
pfam862	31	3
pfam863	31	3
pfam864	3	3
pfam865	31	2
pfam866	31	3
pfam867	31	3
pfam868	31	3
pfam869	30	3
pfam870	31	3
pfam871	31	3
pfam872	31	3
pfam873	31	3
pfam874	31	2
pfam875	31	3
pfam876	30	2
pfam877	31	3
pfam878	31	3
pfam879	30	3
pfam880	31	3
pfam881	31	3
pfam882	7	1
pfam883	1	1
pfam884	1	1
pfam885	1	2
pfam886	31	3
pfam887	31	3
pfam888	31	3
pfam889	31	3
pfam890	31	3
pfam891	1	1
pfam892	31	3
pfam893	31	3
pfam894	31	3
pfam895	31	3
pfam896	31	3
pfam897	31	3
pfam898	31	3
pfam899	31	3
pfam900	31	1
pfam901	31	2
pfam902	31	3
pfam903	31	3
pfam904	30	3
pfam905	31	3
pfam906	31	3
pfam907	31	3
pfam908	31	3
pfam909	31	3
pfam910	31	3
pfam911	31	3
pfam912	31	3
pfam913	31	3
pfam914	31	3
pfam915	31	3
pfam916	31	3
pfam917	31	2
pfam918	31	3
pfam919	31	3
pfam920	31	3
pfam921	31	3
pfam922	31	3
pfam923	31	3
pfam924	31	3
pfam925	31	3
pfam926	31	3
pfam927	31	3
pfam928	31	3
pfam929	31	3
pfam930	31	3
pfam931	31	3
pfam932	31	3
pfam933	31	3
pfam934	31	3
pfam935	30	3
pfam936	31	3
pfam937	31	3
pfam938	31	3
pfam939	31	3
pfam940	31	3
pfam941	31	3
pfam942	31	3
pfam943	31	3
pfam944	31	3
pfam945	31	3
pfam946	31	2
pfam947	31	3
pfam948	30	3
pfam949	31	2
pfam950	31	3
pfam951	31	3
pfam952	31	3
pfam953	31	3
pfam954	31	3
pfam955	31	3
pfam956	31	3
pfam957	31	3
pfam958	31	3
pfam959	31	3
pfam960	31	2
pfam961	31	3
pfam962	31	3
pfam963	31	3
pfam964	31	3
pfam965	31	3
pfam966	31	3
pfam967	31	3
pfam968	31	3
pfam969	31	3
pfam970	31	3
pfam971	31	3
pfam972	31	3
pfam973	31	3
pfam974	31	3
pfam975	31	3
pfam976	31	3
pfam977	31	3
pfam978	31	3
pfam979	31	3
pfam980	31	3
pfam981	31	3
pfam982	31	3
pfam983	31	3
pfam984	31	3
pfam985	31	3
pfam986	31	3
pfam987	31	3
pfam988	31	3
pfam989	31	3
pfam990	31	3
pfam991	31	3
pfam992	31	3
pfam993	31	3
pfam994	31	3
pfam995	31	3
pfam996	31	3
pfam997	31	3
pfam998	31	3
pfam999	31	3
pfam1000	31	3
pfam1001	31	3
pfam1002	31	3
pfam1003	31	3
pfam1004	31	3
pfam1005	31	3
pfam1006	31	3
pfam1007	31	3
pfam1008	31	3
pfam1009	31	3
pfam1010	31	2
pfam1011	31	2
pfam1012	31	3
pfam1013	31	3
pfam1014	31	3
pfam1015	31	3
pfam1016	31	3
pfam1017	31	3
pfam1018	31	3
pfam1019	31	3
pfam1020	31	3
pfam1021	31	3
pfam1022	31	3
pfam1023	6	2
pfam1024	5	1
pfam1025	31	3
pfam1026	31	3
pfam1027	31	3
pfam1028	31	3
pfam1029	6	3
pfam1030	31	3
pfam1031	31	3
pfam1032	31	3
pfam1033	31	3
pfam1034	31	3
pfam1035	31	3
pfam1036	31	3
pfam1037	31	3
pfam1038	31	3
pfam1039	31	3
pfam1040	31	3
pfam1041	31	3
pfam1042	31	3
pfam1043	31	3
pfam1044	31	3
pfam1045	31	3
pfam1046	31	3
pfam1047	31	3
pfam1048	31	3
pfam1049	31	3
pfam1050	31	3
pfam1051	31	2
pfam1052	31	3
pfam1053	31	3
pfam1054	31	3
pfam1055	31	3
pfam1056	31	3
pfam1057	31	3
pfam1058	31	3
pfam1059	31	3
pfam1060	31	3
pfam1061	31	3
pfam1062	31	3
pfam1063	30	3
pfam1064	30	3
pfam1065	30	3
pfam1066	30	3
pfam1067	30	3
pfam1068	30	3
pfam1069	30	3
pfam1070	31	3
pfam1071	31	3
pfam1072	31	3
pfam1073	31	3
pfam1074	31	3
pfam1075	31	3
pfam1076	31	3
pfam1077	31	3
pfam1078	31	3
pfam1079	31	3
pfam1080	31	3
pfam1081	31	3
pfam1082	31	3
pfam1083	31	3
pfam1084	31	3
pfam1085	31	3
pfam1086	31	3
pfam1087	31	3
pfam1088	31	3
pfam1089	30	2
pfam1090	31	3
pfam1091	31	3
pfam1092	31	3
pfam1093	31	3
pfam1094	31	3
pfam1095	31	3
pfam1096	31	3
pfam1097	31	3
pfam1098	31	3
pfam1099	31	3
pfam1100	31	2
pfam1101	31	3
pfam1102	31	3
pfam1103	31	3
pfam1104	31	3
pfam1105	31	3
pfam1106	31	3
pfam1107	31	3
pfam1108	31	3
pfam1109	31	3
pfam1110	31	3
pfam1111	31	3
pfam1112	31	3
pfam1113	31	3
pfam1114	31	3
pfam1115	31	3
pfam1116	31	3
pfam1117	31	3
pfam1118	31	3
pfam1119	31	3
pfam1120	31	3
pfam1121	31	3
pfam1122	31	3
pfam1123	31	3
pfam1124	31	3
pfam1125	31	3
pfam1126	31	3
pfam1127	31	2
pfam1128	31	3
pfam1129	31	3
pfam1130	31	3
pfam1131	31	2
pfam1132	31	3
pfam1133	31	3
pfam1134	31	3
pfam1135	31	3
pfam1136	31	3
pfam1137	31	3
pfam1138	31	3
pfam1139	31	3
pfam1140	31	3
pfam1141	31	3
pfam1142	31	3
pfam1143	31	3
pfam1144	31	3
pfam1145	30	3
pfam1146	31	3
pfam1147	30	3
pfam1148	31	3
pfam1149	31	3
pfam1150	31	3
pfam1151	31	3
pfam1152	31	3
pfam1153	31	3
pfam1154	31	3
pfam1155	31	3
pfam1156	31	3
pfam1157	31	3
pfam1158	31	3
pfam1159	31	3
pfam1160	31	3
pfam1161	31	3
pfam1162	31	3
pfam1163	31	3
pfam1164	31	3
pfam1165	31	3
pfam1166	31	3
pfam1167	31	3
pfam1168	31	3
pfam1169	31	3
pfam1170	31	3
pfam1171	31	3
pfam1172	31	3
pfam1173	31	3
pfam1174	31	3
pfam1175	31	3
pfam1176	31	3
pfam1177	31	3
pfam1178	31	3
pfam1179	31	3
pfam1180	31	3
pfam1181	31	3
pfam1182	31	3
pfam1183	31	3
pfam1184	31	3
pfam1185	31	3
pfam1186	31	3
pfam1187	3	1
pfam1188	29	2
pfam1189	31	3
pfam1190	31	3
pfam1191	31	3
pfam1192	31	3
pfam1193	31	3
pfam1194	31	3
pfam1195	30	3
pfam1196	31	3
pfam1197	31	3
pfam1198	31	3
pfam1199	31	3
pfam1200	2	2
pfam1201	30	3
pfam1202	31	3
pfam1203	31	3
pfam1204	31	3
pfam1205	31	3
pfam1206	31	3
pfam1207	31	3
pfam1208	31	2
pfam1209	31	3
pfam1210	31	3
pfam1211	31	3
pfam1212	31	3
pfam1213	31	3
pfam1214	31	3
pfam1215	31	2
pfam1216	31	3
pfam1217	31	3
pfam1218	31	3
pfam1219	29	3
pfam1220	31	3
pfam1221	31	3
pfam1222	31	3
pfam1223	31	3
pfam1224	31	3
pfam1225	31	3
pfam1226	31	3
pfam1227	31	3
pfam1228	31	3
pfam1229	31	3
pfam1230	3	3
pfam1231	31	3
pfam1232	31	3
pfam1233	1	1
pfam1234	1	1
pfam1235	1	1
pfam1236	1	1
pfam1237	31	3
pfam1238	31	3
pfam1239	30	3
pfam1240	31	3
pfam1241	31	3
pfam1242	31	2
pfam1243	31	3
pfam1244	30	3
pfam1245	31	3
pfam1246	31	3
pfam1247	31	3
pfam1248	31	3
pfam1249	31	3
pfam1250	29	3
pfam1251	29	3
pfam1252	31	3
pfam1253	31	3
pfam1254	31	3
pfam1255	31	2
pfam1256	31	3
pfam1257	31	3
pfam1258	31	3
pfam1259	31	3
pfam1260	31	3
pfam1261	31	3
pfam1262	31	3
pfam1263	31	3
pfam1264	31	3
pfam1265	31	3
pfam1266	30	3
pfam1267	31	3
pfam1268	31	3
pfam1269	31	2
pfam1270	31	3
pfam1271	31	2
pfam1272	31	3
pfam1273	31	3
pfam1274	31	3
pfam1275	31	3
pfam1276	31	3
pfam1277	31	3
pfam1278	31	3
pfam1279	31	3
pfam1280	31	3
pfam1281	31	3
pfam1282	31	3
pfam1283	31	3
pfam1284	31	3
pfam1285	31	3
pfam1286	31	3
pfam1287	31	3
pfam1288	31	3
pfam1289	31	3
pfam1290	31	3
pfam1291	31	3
pfam1292	31	3
pfam1293	31	3
pfam1294	31	3
pfam1295	31	3
pfam1296	31	3
pfam1297	31	2
pfam1298	31	3
pfam1299	31	3
pfam1300	31	2
pfam1301	30	3
pfam1302	31	3
pfam1303	31	3
pfam1304	31	3
pfam1305	31	3
pfam1306	31	3
pfam1307	31	3
pfam1308	31	3
pfam1309	31	3
pfam1310	31	3
pfam1311	29	2
pfam1312	31	3
pfam1313	30	3
pfam1314	31	3
pfam1315	31	3
pfam1316	30	3
pfam1317	31	3
pfam1318	31	3
pfam1319	31	3
pfam1320	31	3
pfam1321	30	3
pfam1322	31	3
pfam1323	31	3
pfam1324	31	3
pfam1325	31	3
pfam1326	31	3
pfam1327	31	3
pfam1328	30	3
pfam1329	31	3
pfam1330	31	3
pfam1331	30	3
pfam1332	31	3
pfam1333	31	3
pfam1334	31	3
pfam1335	31	3
pfam1336	31	3
pfam1337	31	3
pfam1338	31	3
pfam1339	31	3
pfam1340	31	3
pfam1341	31	3
pfam1342	30	3
pfam1343	31	3
pfam1344	31	3
pfam1345	31	3
pfam1346	31	3
pfam1347	31	3
pfam1348	31	3
pfam1349	30	3
pfam1350	31	3
pfam1351	31	3
pfam1352	31	3
pfam1353	31	3
pfam1354	31	3
pfam1355	31	3
pfam1356	31	3
pfam1357	31	3
pfam1358	31	3
pfam1359	31	3
pfam1360	31	3
pfam1361	31	3
pfam1362	30	3
pfam1363	31	3
pfam1364	5	3
pfam1365	5	3
pfam1366	2	2
pfam1367	4	2
pfam1368	4	2
pfam1369	4	2
pfam1370	2	2
pfam1371	1	2
pfam1372	2	2
pfam1373	2	2
pfam1374	2	2
pfam1375	1	1
pfam1376	2	1
pfam1377	1	2
pfam1378	1	2
pfam1379	1	2
pfam1380	1	2
pfam1381	2	2
pfam1382	1	2
pfam1383	1	2
pfam1384	4	2
pfam1385	1	1
pfam1386	2	2
pfam1387	2	2
pfam1388	1	2
pfam1389	4	2
pfam1390	4	2
pfam1391	4	2
pfam1392	2	2
pfam1393	2	2
pfam1394	2	2
pfam1395	1	2
pfam1396	4	2
pfam1397	3	1
pfam1398	4	2
pfam1399	1	1
pfam1400	2	1
pfam1401	28	0
pfam1402	2	1
pfam1403	3	0
pfam1404	4	1
pfam1405	4	2
pfam1406	4	1
pfam1407	31	3
pfam1408	31	3
pfam1409	31	3
pfam1410	31	2
pfam1411	31	3
pfam1412	31	3
pfam1413	29	3
pfam1414	30	3
pfam1415	31	3
pfam1416	31	3
pfam1417	31	3
pfam1418	31	3
pfam1419	31	3
pfam1420	29	3
pfam1421	31	3
pfam1422	31	3
pfam1423	31	3
pfam1424	3	1
pfam1425	30	3
pfam1426	2	0
pfam1427	2	0
pfam1428	2	0
pfam1429	2	0
pfam1430	31	2
pfam1431	31	2
pfam1432	2	2
pfam1433	2	1
pfam1434	5	1
pfam1435	4	1
pfam1436	31	2
pfam1437	31	1
pfam1438	2	1
pfam1439	2	1
pfam1440	3	1
pfam1441	2	2
pfam1442	3	0
pfam1443	31	3
pfam1444	31	1
pfam1445	3	1
pfam1446	3	0
pfam1447	31	2
pfam1448	31	2
pfam1449	31	2
pfam1450	4	2
pfam1451	31	2
pfam1452	31	2
pfam1453	31	2
pfam1454	2	1
pfam1455	2	1
pfam1456	2	1
pfam1457	3	1
pfam1458	29	3
pfam1459	30	0
pfam1460	30	1
pfam1461	3	1
pfam1462	27	0
pfam1463	29	0
pfam1464	30	0
pfam1465	21	0
pfam1466	7	1
pfam1467	26	0
pfam1468	30	2
pfam1469	17	0
pfam1470	30	3
pfam1471	30	1
pfam1472	29	1
pfam1473	27	0
pfam1474	26	0
pfam1475	28	0
pfam1476	26	1
pfam1477	28	0
pfam1478	28	0
pfam1479	27	0
pfam1480	28	0
pfam1481	19	0
pfam1482	6	0
pfam1483	7	0
pfam1484	8	0
pfam1485	29	2
pfam1486	7	0
pfam1487	28	1
pfam1488	30	1
pfam1489	7	0
pfam1490	10	0
pfam1491	9	0
pfam1492	11	0
pfam1493	29	0
pfam1494	29	0
pfam1495	29	0
pfam1496	3	0
pfam1497	29	3
pfam1498	2	0
pfam1499	4	1
pfam1500	2	0
pfam1501	2	0
pfam1502	3	1
pfam1503	3	1
pfam1504	5	0
pfam1505	5	0
pfam1506	3	0
pfam1507	6	2
pfam1508	2	0
pfam1509	4	0
pfam1510	4	0
pfam1511	2	0
pfam1512	2	0
pfam1513	3	0
pfam1514	3	0
pfam1515	3	0
pfam1516	3	0
pfam1517	3	0
pfam1518	8	0
pfam1519	3	0
pfam1520	3	0
pfam1521	3	0
pfam1522	3	0
pfam1523	3	0
pfam1524	3	0
pfam1525	3	0
pfam1526	3	0
pfam1527	3	0
pfam1528	2	0
pfam1529	29	1
pfam1530	2	0
pfam1531	3	0
pfam1532	2	0
pfam1533	2	0
pfam1534	2	0
pfam1535	2	0
pfam1536	2	0
pfam1537	2	0
pfam1538	2	0
pfam1539	2	0
pfam1540	2	1
pfam1541	2	0
pfam1542	1	1
pfam1543	1	1
pfam1544	1	1
pfam1545	1	1
pfam1546	30	3
pfam1547	18	1
pfam1548	28	2
pfam1549	28	2
pfam1550	28	2
pfam1551	28	2
pfam1552	28	2
pfam1553	29	3
pfam1554	30	2
pfam1555	30	3
pfam1556	30	2
pfam1557	30	3
pfam1558	27	1
pfam1559	30	3
pfam1560	30	3
pfam1561	30	3
pfam1562	30	3
pfam1563	25	1
pfam1564	27	1
pfam1565	30	3
pfam1566	30	3
pfam1567	30	3
pfam1568	30	3
pfam1569	30	3
pfam1570	30	3
pfam1571	30	3
pfam1572	30	3
pfam1573	30	3
pfam1574	29	2
pfam1575	30	3
pfam1576	30	3
pfam1577	30	3
pfam1578	30	3
pfam1579	30	3
pfam1580	30	3
pfam1581	30	3
pfam1582	30	3
pfam1583	30	3
pfam1584	30	2
pfam1585	30	3
pfam1586	30	3
pfam1587	30	2
pfam1588	30	3
pfam1589	30	3
pfam1590	30	3
pfam1591	30	3
pfam1592	30	3
pfam1593	30	1
pfam1594	30	1
pfam1595	30	3
pfam1596	30	3
pfam1597	30	3
pfam1598	30	3
pfam1599	30	3
pfam1600	30	3
pfam1601	30	3
pfam1602	30	3
pfam1603	8	3
pfam1604	30	3
pfam1605	30	3
pfam1606	30	3
pfam1607	30	3
pfam1608	29	3
pfam1609	29	3
pfam1610	29	3
pfam1611	28	3
pfam1612	29	3
pfam1613	29	3
pfam1614	29	3
pfam1615	29	3
pfam1616	29	3
pfam1617	30	3
pfam1618	30	2
pfam1619	30	3
pfam1620	30	3
pfam1621	30	3
pfam1622	30	3
pfam1623	30	3
pfam1624	30	3
pfam1625	30	3
pfam1626	30	3
pfam1627	26	1
pfam1628	30	3
pfam1629	29	2
pfam1630	4	2
pfam1631	30	3
pfam1632	30	3
pfam1633	28	2
pfam1634	28	3
pfam1635	28	2
pfam1636	26	2
pfam1637	27	2
pfam1638	29	2
pfam1639	29	2
pfam1640	29	2
pfam1641	30	3
pfam1642	30	3
pfam1643	30	3
pfam1644	30	2
pfam1645	30	3
pfam1646	30	3
pfam1647	15	2
pfam1648	30	3
pfam1649	29	3
pfam1650	30	3
pfam1651	30	3
pfam1652	30	3
pfam1653	26	1
pfam1654	26	1
pfam1655	26	1
pfam1656	26	1
pfam1657	30	3
pfam1658	27	3
pfam1659	30	1
pfam1660	30	3
pfam1661	30	3
pfam1662	30	3
pfam1663	30	3
pfam1664	30	3
pfam1665	27	0
pfam1666	3	1
pfam1667	26	1
pfam1668	27	1
pfam1669	28	1
pfam1670	28	2
pfam1671	28	2
pfam1672	28	1
pfam1673	28	2
pfam1674	26	1
pfam1675	29	3
pfam1676	27	2
pfam1677	28	1
pfam1678	30	3
pfam1679	30	3
pfam1680	30	3
pfam1681	30	2
pfam1682	30	3
pfam1683	30	3
pfam1684	30	3
pfam1685	30	3
pfam1686	30	3
pfam1687	30	3
pfam1688	30	3
pfam1689	30	3
pfam1690	28	2
pfam1691	30	3
pfam1692	29	2
pfam1693	29	2
pfam1694	30	3
pfam1695	26	1
pfam1696	30	3
pfam1697	30	3
pfam1698	30	1
pfam1699	28	1
pfam1700	28	2
pfam1701	28	0
pfam1702	1	1
pfam1703	27	1
pfam1704	28	2
pfam1705	7	1
pfam1706	28	3
pfam1707	27	1
pfam1708	27	1
pfam1709	30	3
pfam1710	29	2
pfam1711	28	2
pfam1712	29	2
pfam1713	30	3
pfam1714	30	3
pfam1715	30	3
pfam1716	30	3
pfam1717	30	3
pfam1718	29	3
pfam1719	27	1
pfam1720	30	1
pfam1721	30	2
pfam1722	30	2
pfam1723	30	3
pfam1724	30	3
pfam1725	30	3
pfam1726	30	3
pfam1727	30	2
pfam1728	30	2
pfam1729	28	1
pfam1730	23	3
pfam1731	28	2
pfam1732	8	1
pfam1733	26	0
pfam1734	0	2
pfam1735	2	1
pfam1736	4	2
pfam1737	2	1
pfam1738	2	1
pfam1739	2	2
pfam1740	5	3
pfam1741	5	3
pfam1742	3	1
pfam1743	3	1
pfam1744	2	1
pfam1745	2	1
pfam1746	2	1
pfam1747	3	1
pfam1748	2	1
pfam1749	2	1
pfam1750	2	1
pfam1751	2	1
pfam1752	2	1
pfam1753	3	1
pfam1754	5	2
pfam1755	3	1
pfam1756	3	1
pfam1757	3	1
pfam1758	3	1
pfam1759	3	1
pfam1760	2	1
pfam1761	3	1
pfam1762	3	1
pfam1763	3	1
pfam1764	2	1
pfam1765	2	1
pfam1766	3	1
pfam1767	22	1
pfam1768	7	2
pfam1769	1	1
pfam1770	9	0
pfam1771	5	3
pfam1772	5	3
pfam1773	3	1
pfam1774	3	2
pfam1775	3	0
pfam1776	21	1
pfam1777	3	1
pfam1778	3	2
pfam1779	2	2
pfam1780	2	2
pfam1781	1	1
pfam1782	2	2
pfam1783	2	2
pfam1784	1	1
pfam1785	1	1
pfam1786	1	1
pfam1787	1	1
pfam1788	1	1
pfam1789	1	1
pfam1790	1	1
pfam1791	3	3
pfam1792	3	2
pfam1793	3	2
pfam1794	3	3
pfam1795	3	1
pfam1796	1	1
pfam1797	1	1
pfam1798	1	2
pfam1799	1	1
pfam1800	1	1
pfam1801	1	2
pfam1802	1	1
pfam1803	1	1
pfam1804	1	1
pfam1805	2	1
pfam1806	1	1
pfam1807	0	2
pfam1808	1	1
pfam1809	1	1
pfam1810	1	2
pfam1811	7	0
pfam1812	1	1
pfam1813	1	1
pfam1814	1	1
pfam1815	2	2
pfam1816	3	0
pfam1817	29	1
pfam1818	1	1
pfam1819	1	1
pfam1820	13	0
pfam1821	1	2
pfam1822	2	0
pfam1823	1	2
pfam1824	1	2
pfam1825	2	3
pfam1826	1	2
pfam1827	1	3
pfam1828	1	1
pfam1829	3	1
pfam1830	13	0
pfam1831	0	2
pfam1832	0	2
pfam1833	0	2
pfam1834	0	3
pfam1835	0	2
pfam1836	0	2
pfam1837	27	2
pfam1838	27	0
pfam1839	27	0
pfam1840	27	0
pfam1841	27	1
pfam1842	30	2
pfam1843	29	2
pfam1844	30	2
pfam1845	30	2
pfam1846	29	2
pfam1847	29	2
pfam1848	29	2
pfam1849	29	1
pfam1850	30	2
pfam1851	27	1
pfam1852	27	0
pfam1853	29	0
pfam1854	30	2
pfam1855	27	0
pfam1856	27	0
pfam1857	27	0
pfam1858	27	0
pfam1859	27	0
pfam1860	27	0
pfam1861	27	0
pfam1862	27	0
pfam1863	27	0
pfam1864	25	0
pfam1865	25	0
pfam1866	4	0
pfam1867	27	0
pfam1868	27	0
pfam1869	27	0
pfam1870	25	0
pfam1871	27	0
pfam1872	28	0
pfam1873	27	0
pfam1874	27	0
pfam1875	13	0
pfam1876	27	0
pfam1877	27	0
pfam1878	27	0
pfam1879	27	1
pfam1880	28	1
pfam1881	27	0
pfam1882	27	1
pfam1883	28	0
pfam1884	28	0
pfam1885	29	2
pfam1886	30	2
pfam1887	28	1
pfam1888	28	1
pfam1889	28	0
pfam1890	27	0
pfam1891	28	1
pfam1892	27	0
pfam1893	27	0
pfam1894	27	0
pfam1895	30	1
pfam1896	30	2
pfam1897	30	2
pfam1898	18	0
pfam1899	8	0
pfam1900	7	0
pfam1901	8	0
pfam1902	9	0
pfam1903	8	0
pfam1904	11	0
pfam1905	28	0
pfam1906	27	0
pfam1907	27	0
pfam1908	25	0
pfam1909	27	0
pfam1910	27	0
pfam1911	27	0
pfam1912	28	1
pfam1913	8	0
pfam1914	8	0
pfam1915	8	0
pfam1916	8	0
pfam1917	8	0
pfam1918	8	0
pfam1919	8	0
pfam1920	8	0
pfam1921	8	0
pfam1922	8	0
pfam1923	8	0
pfam1924	8	0
pfam1925	8	0
pfam1926	9	0
pfam1927	8	0
pfam1928	8	0
pfam1929	8	0
pfam1930	8	0
pfam1931	8	0
pfam1932	8	0
pfam1933	8	0
pfam1934	8	0
pfam1935	29	1
pfam1936	27	0
pfam1937	8	0
pfam1938	8	0
pfam1939	8	0
pfam1940	27	0
pfam1941	25	0
pfam1942	5	0
pfam1943	4	0
pfam1944	21	0
pfam1945	28	0
pfam1946	3	1
pfam1947	3	1
pfam1948	3	1
pfam1949	3	1
pfam1950	3	1
pfam1951	3	1
pfam1952	3	1
pfam1953	2	0
pfam1954	2	0
pfam1955	2	0
pfam1956	2	0
pfam1957	3	0
pfam1958	4	0
pfam1959	4	1
pfam1960	10	0
pfam1961	2	0
pfam1962	2	0
pfam1963	2	0
pfam1964	2	0
pfam1965	2	0
pfam1966	2	0
pfam1967	21	0
pfam1968	2	0
pfam1969	3	0
pfam1970	2	0
pfam1971	2	0
pfam1972	2	0
pfam1973	3	0
pfam1974	2	0
pfam1975	3	1
pfam1976	3	0
pfam1977	2	0
pfam1978	2	0
pfam1979	2	0
pfam1980	3	0
pfam1981	2	0
pfam1982	2	0
pfam1983	2	0
pfam1984	2	0
pfam1985	2	0
pfam1986	3	0
pfam1987	4	0
pfam1988	2	0
pfam1989	3	0
pfam1990	2	0
pfam1991	2	0
pfam1992	2	0
pfam1993	2	0
pfam1994	2	0
pfam1995	10	0
pfam1996	3	0
pfam1997	3	0
pfam1998	2	0
pfam1999	2	0
pfam2000	4	0
pfam2001	2	0
pfam2002	2	0
pfam2003	2	0
pfam2004	2	0
pfam2005	2	0
pfam2006	2	0
pfam2007	2	1
pfam2008	1	2
pfam2009	4	0
pfam2010	21	0
pfam2011	20	0
pfam2012	25	0
pfam2013	25	0
pfam2014	24	0
pfam2015	26	0
pfam2016	25	0
pfam2017	17	0
pfam2018	18	1
pfam2019	26	0
pfam2020	28	1
pfam2021	28	1
pfam2022	25	0
pfam2023	25	0
pfam2024	25	0
pfam2025	25	0
pfam2026	21	0
pfam2027	25	0
pfam2028	27	1
pfam2029	25	0
pfam2030	26	1
pfam2031	28	2
pfam2032	28	2
pfam2033	25	0
pfam2034	26	1
pfam2035	26	1
pfam2036	25	0
pfam2037	25	0
pfam2038	25	0
pfam2039	23	0
pfam2040	22	0
pfam2041	12	0
pfam2042	8	0
pfam2043	3	0
pfam2044	7	0
pfam2045	2	0
pfam2046	7	0
pfam2047	7	1
pfam2048	2	0
pfam2049	3	0
pfam2050	2	0
pfam2051	2	0
pfam2052	2	0
pfam2053	2	0
pfam2054	2	0
pfam2055	2	0
pfam2056	2	0
pfam2057	2	0
pfam2058	2	0
pfam2059	2	0
pfam2060	2	0
pfam2061	2	0
pfam2062	2	0
pfam2063	2	0
pfam2064	2	0
pfam2065	2	0
pfam2066	2	0
pfam2067	2	0
pfam2068	2	0
pfam2069	2	0
pfam2070	2	0
pfam2071	2	0
pfam2072	2	0
pfam2073	7	0
pfam2074	7	0
pfam2075	6	0
pfam2076	6	0
pfam2077	6	0
pfam2078	6	0
pfam2079	6	0
pfam2080	6	0
pfam2081	5	0
pfam2082	6	0
pfam2083	5	0
pfam2084	6	0
pfam2085	6	0
pfam2086	6	0
pfam2087	6	0
pfam2088	6	0
pfam2089	6	0
pfam2090	6	0
pfam2091	6	0
pfam2092	6	0
pfam2093	6	0
pfam2094	6	0
pfam2095	11	0
pfam2096	9	0
pfam2097	4	0
pfam2098	2	0
pfam2099	3	0
pfam2100	2	2
pfam2101	3	0
pfam2102	3	0
pfam2103	3	1
pfam2104	3	1
pfam2105	3	1
pfam2106	2	0
pfam2107	2	1
pfam2108	2	1
pfam2109	2	1
pfam2110	2	1
pfam2111	2	1
pfam2112	2	1
pfam2113	2	1
pfam2114	3	2
pfam2115	2	1
pfam2116	2	0
pfam2117	2	0
pfam2118	2	1
pfam2119	2	0
pfam2120	2	0
pfam2121	2	1
pfam2122	2	2
pfam2123	2	1
pfam2124	2	1
pfam2125	2	1
pfam2126	2	0
pfam2127	1	1
pfam2128	1	1
pfam2129	1	1
pfam2130	1	1
pfam2131	1	1
pfam2132	1	1
pfam2133	1	1
pfam2134	1	1
pfam2135	5	0
pfam2136	4	0
pfam2137	5	0
pfam2138	2	0
pfam2139	2	0
pfam2140	2	0
pfam2141	2	0
pfam2142	2	0
pfam2143	2	0
pfam2144	2	0
pfam2145	2	0
pfam2146	2	0
pfam2147	2	0
pfam2148	3	0
pfam2149	2	0
pfam2150	2	0
pfam2151	2	0
pfam2152	2	0
pfam2153	1	1
pfam2154	1	2
pfam2155	1	1
pfam2156	1	1
pfam2157	1	1
pfam2158	7	0
pfam2159	4	0
pfam2160	1	1
pfam2161	1	1
pfam2162	1	1
pfam2163	1	1
pfam2164	1	1
pfam2165	1	1
pfam2166	1	1
pfam2167	1	1
pfam2168	1	1
pfam2169	1	1
pfam2170	1	1
pfam2171	1	1
pfam2172	1	1
pfam2173	1	1
pfam2174	1	1
pfam2175	1	1
pfam2176	1	1
pfam2177	1	1
pfam2178	1	1
pfam2179	1	1
pfam2180	1	2
pfam2181	1	2
pfam2182	1	1
pfam2183	1	1
pfam2184	1	1
pfam2185	1	1
pfam2186	1	1
pfam2187	1	1
pfam2188	1	2
pfam2189	1	1
pfam2190	1	2
pfam2191	1	1
pfam2192	1	1
pfam2193	1	1
pfam2194	1	1
pfam2195	1	1
pfam2196	1	1
pfam2197	1	2
pfam2198	1	1
pfam2199	1	1
pfam2200	3	0
pfam2201	0	2
pfam2202	0	2
pfam2203	0	2
pfam2204	1	0
pfam2205	1	0
pfam2206	1	0
pfam2207	1	0
pfam2208	1	0
pfam2209	1	0
pfam2210	1	0
pfam2211	1	0
pfam2212	1	0
pfam2213	1	0
pfam2214	1	0
pfam2215	1	0
pfam2216	1	0
pfam2217	1	0
pfam2218	1	0
pfam2219	1	0
pfam2220	1	0
pfam2221	1	0
pfam2222	1	0
pfam2223	1	0
pfam2224	1	0
pfam2225	1	0
pfam2226	1	0
pfam2227	1	0
pfam2228	1	0
pfam2229	1	0
pfam2230	1	0
pfam2231	1	0
pfam2232	1	0
pfam2233	1	0
pfam2234	1	0
pfam2235	1	0
pfam2236	1	0
pfam2237	1	0
pfam2238	1	0
pfam2239	1	0
pfam2240	1	0
pfam2241	1	0
pfam2242	1	0
pfam2243	1	0
pfam2244	1	0
pfam2245	1	0
pfam2246	1	0
pfam2247	1	0
pfam2248	1	0
pfam2249	1	0
pfam2250	1	0
pfam2251	1	0
pfam2252	1	0
pfam2253	1	0
pfam2254	1	0
pfam2255	1	0
pfam2256	1	0
pfam2257	1	0
pfam2258	1	0
pfam2259	1	0
pfam2260	1	0
pfam2261	1	0
pfam2262	1	0
pfam2263	1	0
pfam2264	1	0
pfam2265	1	0
pfam2266	1	0
pfam2267	1	0
pfam2268	1	0
pfam2269	1	0
pfam2270	1	0
pfam2271	1	0
pfam2272	1	0
pfam2273	1	0
pfam2274	1	0
pfam2275	1	0
pfam2276	1	0
pfam2277	1	0
pfam2278	1	0
pfam2279	1	0
pfam2280	1	0
pfam2281	1	0
pfam2282	1	0
pfam2283	1	0
pfam2284	1	0
pfam2285	1	0
pfam2286	1	0
pfam2287	1	0
pfam2288	1	0
pfam2289	1	0
pfam2290	1	0
pfam2291	1	0
pfam2292	1	0
pfam2293	1	0
pfam2294	1	0
pfam2295	1	0
pfam2296	1	0
pfam2297	1	0
pfam2298	1	0
pfam2299	1	0
pfam2300	1	0
pfam2301	1	0
pfam2302	1	0
pfam2303	1	0
pfam2304	1	0
pfam2305	1	0
pfam2306	1	0
pfam2307	1	0
pfam2308	1	0
pfam2309	1	0
pfam2310	1	0
pfam2311	1	0
pfam2312	1	0
pfam2313	1	0
pfam2314	1	0
pfam2315	1	0
pfam2316	1	0
pfam2317	1	0
pfam2318	1	0
pfam2319	1	0
pfam2320	1	0
pfam2321	1	0
pfam2322	1	0
pfam2323	1	0
pfam2324	1	0
pfam2325	1	0
pfam2326	1	0
pfam2327	1	0
pfam2328	1	0
pfam2329	1	0
pfam2330	1	0
pfam2331	1	0
pfam2332	1	0
pfam2333	1	0
pfam2334	1	0
pfam2335	1	0
pfam2336	1	0
pfam2337	1	0
pfam2338	1	0
pfam2339	1	0
pfam2340	1	0
pfam2341	1	0
pfam2342	1	0
pfam2343	1	0
pfam2344	1	0
pfam2345	1	0
pfam2346	1	0
pfam2347	1	0
pfam2348	1	0
pfam2349	1	0
pfam2350	1	0
pfam2351	1	0
pfam2352	1	0
pfam2353	1	0
pfam2354	1	0
pfam2355	1	0
pfam2356	1	0
pfam2357	1	0
pfam2358	1	0
pfam2359	1	0
pfam2360	1	0
pfam2361	1	0
pfam2362	1	0
pfam2363	1	0
pfam2364	1	0
pfam2365	1	0
pfam2366	1	0
pfam2367	1	0
pfam2368	1	0
pfam2369	1	0
pfam2370	1	0
pfam2371	1	0
pfam2372	1	0
pfam2373	1	0
pfam2374	1	0
pfam2375	1	0
pfam2376	1	0
pfam2377	1	0
pfam2378	1	0
pfam2379	1	0
pfam2380	1	0
pfam2381	1	0
pfam2382	1	0
pfam2383	1	0
pfam2384	1	0
pfam2385	1	0
pfam2386	1	0
pfam2387	1	0
pfam2388	1	0
pfam2389	1	0
pfam2390	1	0
pfam2391	1	0
pfam2392	1	0
pfam2393	1	0
pfam2394	1	0
pfam2395	1	0
pfam2396	1	0
pfam2397	1	0
pfam2398	1	0
pfam2399	1	0
pfam2400	1	0
pfam2401	1	0
pfam2402	1	0
pfam2403	1	0
pfam2404	1	0
pfam2405	1	0
pfam2406	1	0
pfam2407	1	0
pfam2408	1	0
pfam2409	1	0
pfam2410	1	0
pfam2411	1	0
pfam2412	1	0
pfam2413	1	0
pfam2414	1	0
pfam2415	1	0
pfam2416	1	0
pfam2417	1	0
pfam2418	1	0
pfam2419	1	0
pfam2420	1	0
pfam2421	1	0
pfam2422	1	0
pfam2423	1	0
pfam2424	1	0
pfam2425	1	0
pfam2426	1	0
pfam2427	1	0
pfam2428	1	0
pfam2429	1	0
pfam2430	1	0
pfam2431	1	0
pfam2432	1	0
pfam2433	1	0
pfam2434	1	0
pfam2435	1	0
pfam2436	1	0
pfam2437	1	0
pfam2438	1	0
pfam2439	1	0
pfam2440	1	0
pfam2441	1	0
pfam2442	1	0
pfam2443	1	0
pfam2444	1	0
pfam2445	1	0
pfam2446	1	0
pfam2447	1	0
pfam2448	1	0
pfam2449	1	0
pfam2450	1	0
pfam2451	1	0
pfam2452	1	0
pfam2453	1	0
pfam2454	1	0
pfam2455	1	0
pfam2456	1	0
pfam2457	1	0
pfam2458	1	0
pfam2459	1	0
pfam2460	1	0
pfam2461	1	0
pfam2462	1	0
pfam2463	1	0
pfam2464	1	0
pfam2465	1	0
pfam2466	1	0
pfam2467	1	0
pfam2468	1	0
pfam2469	1	0
pfam2470	1	0
pfam2471	1	0
pfam2472	1	0
pfam2473	1	0
pfam2474	1	0
pfam2475	1	0
pfam2476	1	0
pfam2477	1	0
pfam2478	1	0
pfam2479	1	0
pfam2480	1	0
pfam2481	1	0
pfam2482	1	0
pfam2483	1	0
pfam2484	1	0
pfam2485	1	0
pfam2486	1	0
pfam2487	1	0
pfam2488	1	0
pfam2489	1	0
pfam2490	1	0
pfam2491	1	0
pfam2492	1	0
pfam2493	1	0
pfam2494	1	0
pfam2495	1	0
pfam2496	1	0
pfam2497	1	0
pfam2498	1	0
pfam2499	1	0
pfam2500	1	0
pfam2501	1	0
pfam2502	1	0
pfam2503	1	0
pfam2504	1	0
pfam2505	1	0
pfam2506	1	0
pfam2507	1	0
pfam2508	1	0
pfam2509	1	0
pfam2510	1	0
pfam2511	1	0
pfam2512	1	0
pfam2513	1	0
pfam2514	1	0
pfam2515	1	0
pfam2516	1	0
pfam2517	1	0
pfam2518	1	0
pfam2519	1	0
pfam2520	1	0
pfam2521	1	0
pfam2522	1	0
pfam2523	1	0
pfam2524	1	0
pfam2525	1	0
pfam2526	1	0
pfam2527	1	0
pfam2528	1	0
pfam2529	1	0
pfam2530	1	0
pfam2531	1	0
pfam2532	1	0
pfam2533	1	0
pfam2534	1	0
pfam2535	1	0
pfam2536	1	0
pfam2537	1	0
pfam2538	1	0
pfam2539	1	0
pfam2540	1	0
pfam2541	1	0
pfam2542	1	0
pfam2543	1	0
pfam2544	1	0
pfam2545	1	0
pfam2546	1	0
pfam2547	1	0
pfam2548	1	0
pfam2549	1	0
pfam2550	1	0
pfam2551	1	0
pfam2552	1	0
pfam2553	1	0
pfam2554	1	0
pfam2555	1	0
pfam2556	1	0
pfam2557	1	0
pfam2558	1	0
pfam2559	1	0
pfam2560	1	0
pfam2561	1	0
pfam2562	1	0
pfam2563	1	0
pfam2564	1	0
pfam2565	1	0
pfam2566	1	0
pfam2567	1	0
pfam2568	1	0
pfam2569	1	0
pfam2570	1	0
pfam2571	1	0
pfam2572	1	0
pfam2573	1	0
pfam2574	1	0
pfam2575	1	0
pfam2576	1	0
pfam2577	1	0
pfam2578	1	0
pfam2579	1	0
pfam2580	1	0
pfam2581	1	0
pfam2582	1	0
pfam2583	1	0
pfam2584	1	0
pfam2585	1	0
pfam2586	1	0
pfam2587	1	0
pfam2588	1	0
pfam2589	1	0
pfam2590	1	0
pfam2591	1	0
pfam2592	1	0
pfam2593	1	0
pfam2594	1	0
pfam2595	1	0
pfam2596	1	0
pfam2597	1	0
pfam2598	1	0
pfam2599	1	0
pfam2600	1	0
pfam2601	1	0
pfam2602	1	0
pfam2603	1	0
pfam2604	1	0
pfam2605	1	0
pfam2606	1	0
pfam2607	1	0
pfam2608	1	0
pfam2609	1	0
pfam2610	1	0
pfam2611	1	0
pfam2612	1	0
pfam2613	1	0
pfam2614	1	0
pfam2615	1	0
pfam2616	1	0
pfam2617	1	0
pfam2618	1	0
pfam2619	1	0
pfam2620	1	0
pfam2621	1	0
pfam2622	1	0
pfam2623	1	0
pfam2624	1	0
pfam2625	1	0
pfam2626	1	0
pfam2627	1	0
pfam2628	1	0
pfam2629	1	0
pfam2630	1	0
pfam2631	1	0
pfam2632	1	0
pfam2633	1	0
pfam2634	1	0
pfam2635	1	0
pfam2636	1	0
pfam2637	1	0
pfam2638	1	0
pfam2639	1	0
pfam2640	1	0
pfam2641	1	0
pfam2642	1	0
pfam2643	1	0
pfam2644	1	0
pfam2645	1	0
pfam2646	1	0
pfam2647	1	0
pfam2648	1	0
pfam2649	1	0
pfam2650	1	0
pfam2651	1	0
pfam2652	1	0
pfam2653	1	0
pfam2654	1	0
pfam2655	1	0
pfam2656	1	0
pfam2657	1	0
pfam2658	1	0
pfam2659	1	0
pfam2660	1	0
pfam2661	1	0
pfam2662	1	0
pfam2663	1	0
pfam2664	1	0
pfam2665	1	0
pfam2666	1	0
pfam2667	1	0
pfam2668	1	0
pfam2669	1	0
pfam2670	1	0
pfam2671	1	0
pfam2672	1	0
pfam2673	1	0
pfam2674	1	0
pfam2675	1	0
pfam2676	1	0
pfam2677	1	0
pfam2678	1	0
pfam2679	1	0
pfam2680	1	0
pfam2681	1	0
pfam2682	1	0
pfam2683	1	0
pfam2684	1	0
pfam2685	1	0
pfam2686	1	0
pfam2687	1	0
pfam2688	1	0
pfam2689	1	0
pfam2690	1	0
pfam2691	1	0
pfam2692	1	0
pfam2693	1	0
pfam2694	1	0
pfam2695	1	0
pfam2696	1	0
pfam2697	1	0
pfam2698	1	0
pfam2699	1	0
pfam2700	1	0
pfam2701	1	0
pfam2702	1	0
pfam2703	1	0
pfam2704	1	0
pfam2705	1	0
pfam2706	1	0
pfam2707	1	0
pfam2708	1	0
pfam2709	1	0
pfam2710	1	0
pfam2711	1	0
pfam2712	1	0
pfam2713	1	0
pfam2714	1	0
pfam2715	1	0
pfam2716	1	0
pfam2717	1	0
pfam2718	1	0
pfam2719	1	0
pfam2720	1	0
pfam2721	1	0
pfam2722	1	0
pfam2723	1	0
pfam2724	1	0
pfam2725	1	0
pfam2726	1	0
pfam2727	1	0
pfam2728	1	0
pfam2729	1	0
pfam2730	1	0
pfam2731	1	0
pfam2732	1	0
pfam2733	1	0
pfam2734	1	0
pfam2735	1	0
pfam2736	1	0
pfam2737	1	0
pfam2738	1	0
pfam2739	1	0
pfam2740	1	0
pfam2741	1	0
pfam2742	1	0
pfam2743	1	0
pfam2744	1	0
pfam2745	1	0
pfam2746	1	0
pfam2747	1	0
pfam2748	1	0
pfam2749	1	0
pfam2750	1	0
pfam2751	1	0
pfam2752	1	0
pfam2753	1	0
pfam2754	1	0
pfam2755	1	0
pfam2756	1	0
pfam2757	1	0
pfam2758	1	0
pfam2759	1	0
pfam2760	1	0
pfam2761	1	0
pfam2762	1	0
pfam2763	1	0
pfam2764	1	0
pfam2765	1	0
pfam2766	1	0
pfam2767	1	0
pfam2768	1	0
pfam2769	1	0
pfam2770	1	0
pfam2771	1	0
pfam2772	1	0
pfam2773	1	0
pfam2774	1	0
pfam2775	1	0
pfam2776	1	0
pfam2777	1	0
pfam2778	1	0
pfam2779	1	0
pfam2780	1	0
pfam2781	1	0
pfam2782	0	1
pfam2783	0	1
pfam2784	0	1
pfam2785	0	1
pfam2786	0	1
pfam2787	0	1
pfam2788	0	1
pfam2789	0	1
pfam2790	0	1
pfam2791	0	1
pfam2792	0	1
pfam2793	0	1
pfam2794	0	1
pfam2795	0	1
pfam2796	0	1
pfam2797	0	1
pfam2798	0	1
pfam2799	0	1
pfam2800	0	1
pfam2801	0	1
pfam2802	0	1
pfam2803	0	1
pfam2804	0	1
pfam2805	0	1
pfam2806	0	1
pfam2807	0	1
pfam2808	0	1
pfam2809	0	1
pfam2810	0	1
pfam2811	0	1
pfam2812	0	1
pfam2813	0	1
pfam2814	0	1
pfam2815	0	1
pfam2816	0	1
pfam2817	0	1
pfam2818	0	1
pfam2819	0	1
pfam2820	0	1
pfam2821	0	1
pfam2822	0	1
pfam2823	0	1
pfam2824	0	1
pfam2825	0	1
pfam2826	0	1
pfam2827	0	1
pfam2828	0	1
pfam2829	0	1
pfam2830	0	1
pfam2831	0	1
pfam2832	0	1
pfam2833	0	1
pfam2834	0	1
pfam2835	0	1
pfam2836	0	1
pfam2837	0	1
pfam2838	0	1
pfam2839	0	1
pfam2840	0	1
pfam2841	0	1
pfam2842	0	1
pfam2843	0	1
pfam2844	0	1
pfam2845	0	1
pfam2846	0	1
pfam2847	0	1
pfam2848	0	1
pfam2849	0	1
pfam2850	0	1
pfam2851	0	1
pfam2852	0	1
pfam2853	0	1
pfam2854	0	1
pfam2855	0	1
pfam2856	0	1
pfam2857	0	1
pfam2858	0	1
pfam2859	0	1
pfam2860	0	1
pfam2861	0	1
pfam2862	0	1
pfam2863	0	1
pfam2864	0	1
pfam2865	0	1
pfam2866	0	1
pfam2867	0	1
pfam2868	0	1
pfam2869	0	1
pfam2870	0	1
pfam2871	0	1
pfam2872	0	1
pfam2873	0	1
pfam2874	0	1
pfam2875	0	1
pfam2876	0	1
pfam2877	0	1
pfam2878	0	1
pfam2879	0	1
pfam2880	0	1
pfam2881	0	1
pfam2882	0	1
pfam2883	0	1
pfam2884	0	1
pfam2885	0	1
pfam2886	0	1
pfam2887	0	1
pfam2888	0	1
pfam2889	0	1
pfam2890	0	1
pfam2891	0	1
pfam2892	0	1
pfam2893	0	1
pfam2894	0	1
pfam2895	1	0
pfam2896	1	0
pfam2897	1	0
pfam2898	1	0
pfam2899	1	0
pfam2900	1	0
pfam2901	1	0
pfam2902	1	0
pfam2903	1	0
pfam2904	1	0
pfam2905	1	0
pfam2906	1	0
pfam2907	1	0
pfam2908	1	0
pfam2909	1	0
pfam2910	1	0
pfam2911	1	0
pfam2912	1	0
pfam2913	1	0
pfam2914	1	0
pfam2915	1	0
pfam2916	1	0
pfam2917	1	0
pfam2918	1	0
pfam2919	1	0
pfam2920	1	0
pfam2921	1	0
pfam2922	1	0
pfam2923	1	0
pfam2924	1	0
pfam2925	1	0
pfam2926	1	0
pfam2927	1	0
pfam2928	1	0
pfam2929	1	0
pfam2930	1	0
pfam2931	1	0
pfam2932	1	0
pfam2933	1	0
pfam2934	1	0
pfam2935	1	0
pfam2936	1	0
pfam2937	1	0
pfam2938	1	0
pfam2939	1	0
pfam2940	1	0
pfam2941	1	0
pfam2942	1	0
pfam2943	1	0
pfam2944	1	0
pfam2945	1	0
pfam2946	1	0
pfam2947	1	0
pfam2948	1	0
pfam2949	1	0
pfam2950	1	0
pfam2951	1	0
pfam2952	1	0
pfam2953	1	0
pfam2954	1	0
pfam2955	1	0
pfam2956	1	0
pfam2957	1	0
pfam2958	1	0
pfam2959	1	0
pfam2960	1	0
pfam2961	1	0
pfam2962	1	0
pfam2963	1	0
pfam2964	1	0
pfam2965	1	0
pfam2966	1	0
pfam2967	1	0
pfam2968	1	0
pfam2969	1	0
pfam2970	1	0
pfam2971	1	0
pfam2972	1	0
pfam2973	1	0
pfam2974	1	0
pfam2975	1	0
pfam2976	1	0
pfam2977	1	0
pfam2978	1	0
pfam2979	1	0
pfam2980	1	0
pfam2981	1	0
pfam2982	1	0
pfam2983	1	0
pfam2984	1	0
pfam2985	1	0
pfam2986	1	0
pfam2987	1	0
pfam2988	1	0
pfam2989	1	0
pfam2990	1	0
pfam2991	1	0
pfam2992	1	0
pfam2993	1	0
pfam2994	1	0
pfam2995	1	0
pfam2996	1	0
pfam2997	1	0
pfam2998	1	0
pfam2999	1	0
pfam3000	1	0
pfam3001	1	0
pfam3002	1	0
pfam3003	1	0
pfam3004	1	0
pfam3005	1	0
pfam3006	1	0
pfam3007	1	0
pfam3008	1	0
pfam3009	1	0
pfam3010	1	0
pfam3011	1	0
pfam3012	1	0
pfam3013	1	0
pfam3014	1	0
pfam3015	1	0
pfam3016	1	0
pfam3017	1	0
pfam3018	1	0
pfam3019	1	0
pfam3020	1	0
pfam3021	1	0
pfam3022	1	0
pfam3023	1	0
pfam3024	1	0
pfam3025	1	0
pfam3026	1	0
pfam3027	1	0
pfam3028	1	0
pfam3029	1	0
pfam3030	1	0
pfam3031	1	0
pfam3032	1	0
pfam3033	1	0
pfam3034	1	0
pfam3035	1	0
pfam3036	1	0
pfam3037	1	0
pfam3038	1	0
pfam3039	1	0
pfam3040	1	0
pfam3041	1	0
pfam3042	1	0
pfam3043	1	0
pfam3044	1	0
pfam3045	1	0
pfam3046	1	0
pfam3047	1	0
pfam3048	1	0
pfam3049	1	0
pfam3050	1	0
pfam3051	1	0
pfam3052	1	0
pfam3053	1	0
pfam3054	1	0
pfam3055	1	0
pfam3056	1	0
pfam3057	1	0
pfam3058	1	0
pfam3059	1	0
pfam3060	1	0
pfam3061	1	0
pfam3062	1	0
pfam3063	1	0
pfam3064	1	0
pfam3065	1	0
pfam3066	1	0
pfam3067	1	0
pfam3068	1	0
pfam3069	1	0
pfam3070	1	0
pfam3071	1	0
pfam3072	1	0
pfam3073	1	0
pfam3074	1	0
pfam3075	1	0
pfam3076	1	0
pfam3077	1	0
pfam3078	1	0
pfam3079	1	0
pfam3080	1	0
pfam3081	1	0
pfam3082	1	0
pfam3083	1	0
pfam3084	1	0
pfam3085	1	0
pfam3086	1	0
pfam3087	1	0
pfam3088	1	0
pfam3089	1	0
pfam3090	1	0
pfam3091	1	0
pfam3092	1	0
pfam3093	1	0
pfam3094	1	0
pfam3095	1	0
pfam3096	1	0
pfam3097	1	0
pfam3098	1	0
pfam3099	1	0
pfam3100	1	0
pfam3101	1	0
pfam3102	1	0
pfam3103	1	0
pfam3104	1	0
pfam3105	1	0
pfam3106	1	0
pfam3107	1	0
pfam3108	1	0
pfam3109	1	0
pfam3110	1	0
pfam3111	1	0
pfam3112	1	0
pfam3113	1	0
pfam3114	1	0
pfam3115	1	0
pfam3116	1	0
pfam3117	1	0
pfam3118	1	0
pfam3119	1	0
pfam3120	1	0
pfam3121	1	0
pfam3122	1	0
pfam3123	1	0
pfam3124	1	0
pfam3125	1	0
pfam3126	1	0
pfam3127	1	0
pfam3128	1	0
pfam3129	1	0
pfam3130	1	0
pfam3131	1	0
pfam3132	1	0
pfam3133	1	0
pfam3134	1	0
pfam3135	1	0
pfam3136	1	0
pfam3137	1	0
pfam3138	1	0
pfam3139	1	0
pfam3140	1	0
pfam3141	1	0
pfam3142	1	0
pfam3143	1	0
pfam3144	1	0
pfam3145	1	0
pfam3146	1	0
pfam3147	1	0
pfam3148	1	0
pfam3149	1	0
pfam3150	1	0
pfam3151	1	0
pfam3152	1	0
pfam3153	1	0
pfam3154	1	0
pfam3155	1	0
pfam3156	1	0
pfam3157	1	0
pfam3158	1	0
pfam3159	1	0
pfam3160	1	0
pfam3161	1	0
pfam3162	1	0
pfam3163	1	0
pfam3164	1	0
pfam3165	1	0
pfam3166	1	0
pfam3167	1	0
pfam3168	1	0
pfam3169	1	0
pfam3170	1	0
pfam3171	1	0
pfam3172	1	0
pfam3173	1	0
pfam3174	1	0
pfam3175	1	0
pfam3176	1	0
pfam3177	1	0
pfam3178	1	0
pfam3179	1	0
pfam3180	1	0
pfam3181	1	0
pfam3182	1	0
pfam3183	1	0
pfam3184	1	0
pfam3185	1	0
pfam3186	1	0
pfam3187	1	0
pfam3188	1	0
pfam3189	1	0
pfam3190	1	0
pfam3191	1	0
pfam3192	1	0
pfam3193	1	0
pfam3194	1	0
pfam3195	1	0
pfam3196	1	0
pfam3197	1	0
pfam3198	1	0
pfam3199	1	0
pfam3200	1	0
pfam3201	1	0
pfam3202	1	0
pfam3203	1	0
pfam3204	1	0
pfam3205	1	0
pfam3206	1	0
pfam3207	1	0
pfam3208	1	0
pfam3209	1	0
pfam3210	1	0
pfam3211	1	0
pfam3212	1	0
pfam3213	1	0
pfam3214	1	0
pfam3215	1	0
pfam3216	1	0
pfam3217	1	0
pfam3218	1	0
pfam3219	1	0
pfam3220	1	0
pfam3221	1	0
pfam3222	1	0
pfam3223	1	0
pfam3224	1	0
pfam3225	1	0
pfam3226	1	0
pfam3227	1	0
pfam3228	1	0
pfam3229	1	0
pfam3230	1	0
pfam3231	1	0
pfam3232	1	0
pfam3233	1	0
pfam3234	1	0
pfam3235	1	0
pfam3236	1	0
pfam3237	1	0
pfam3238	1	0
pfam3239	1	0
pfam3240	1	0
pfam3241	1	0
pfam3242	1	0
pfam3243	1	0
pfam3244	1	0
pfam3245	1	0
pfam3246	1	0
pfam3247	1	0
pfam3248	1	0
pfam3249	1	0
pfam3250	1	0
pfam3251	1	0
pfam3252	1	0
pfam3253	1	0
pfam3254	1	0
pfam3255	1	0
pfam3256	1	0
pfam3257	1	0
pfam3258	1	0
pfam3259	1	0
pfam3260	1	0
pfam3261	1	0
pfam3262	1	0
pfam3263	1	0
pfam3264	1	0
pfam3265	1	0
pfam3266	1	0
pfam3267	1	0
pfam3268	1	0
pfam3269	1	0
pfam3270	1	0
pfam3271	1	0
pfam3272	1	0
pfam3273	1	0
pfam3274	1	0
pfam3275	1	0
pfam3276	1	0
pfam3277	1	0
pfam3278	1	0
pfam3279	1	0
pfam3280	1	0
pfam3281	1	0
pfam3282	1	0
pfam3283	1	0
pfam3284	1	0
pfam3285	1	0
pfam3286	1	0
pfam3287	1	0
pfam3288	1	0
pfam3289	1	0
pfam3290	1	0
pfam3291	1	0
pfam3292	1	0
pfam3293	1	0
pfam3294	1	0
pfam3295	1	0
pfam3296	1	0
pfam3297	1	0
pfam3298	1	0
pfam3299	1	0
pfam3300	1	0
pfam3301	1	0
pfam3302	1	0
pfam3303	1	0
pfam3304	1	0
pfam3305	1	0
pfam3306	1	0
pfam3307	1	0
pfam3308	1	0
pfam3309	1	0
pfam3310	1	0
pfam3311	1	0
pfam3312	1	0
pfam3313	1	0
pfam3314	1	0
pfam3315	1	0
pfam3316	1	0
pfam3317	1	0
pfam3318	1	0
pfam3319	1	0
pfam3320	1	0
pfam3321	1	0
pfam3322	1	0
pfam3323	1	0
pfam3324	1	0
pfam3325	1	0
pfam3326	1	0
pfam3327	1	0
pfam3328	1	0
pfam3329	1	0
pfam3330	1	0
pfam3331	1	0
pfam3332	1	0
pfam3333	1	0
pfam3334	1	0
pfam3335	1	0
pfam3336	1	0
pfam3337	1	0
pfam3338	1	0
pfam3339	1	0
pfam3340	1	0
pfam3341	1	0
pfam3342	1	0
pfam3343	1	0
pfam3344	1	0
pfam3345	1	0
pfam3346	1	0
pfam3347	1	0
pfam3348	1	0
pfam3349	1	0
pfam3350	1	0
pfam3351	1	0
pfam3352	1	0
pfam3353	1	0
pfam3354	1	0
pfam3355	1	0
pfam3356	1	0
pfam3357	1	0
pfam3358	1	0
pfam3359	1	0
pfam3360	1	0
pfam3361	1	0
pfam3362	1	0
pfam3363	1	0
pfam3364	1	0
pfam3365	1	0
pfam3366	1	0
pfam3367	1	0
pfam3368	1	0
pfam3369	1	0
pfam3370	1	0
pfam3371	1	0
pfam3372	1	0
pfam3373	1	0
pfam3374	1	0
pfam3375	1	0
pfam3376	1	0
pfam3377	1	0
pfam3378	1	0
pfam3379	1	0
pfam3380	1	0
pfam3381	1	0
pfam3382	1	0
pfam3383	1	0
pfam3384	1	0
pfam3385	1	0
pfam3386	1	0
pfam3387	1	0
pfam3388	1	0
pfam3389	1	0
pfam3390	1	0
pfam3391	1	0
pfam3392	1	0
pfam3393	1	0
pfam3394	1	0
pfam3395	1	0
pfam3396	1	0
pfam3397	1	0
pfam3398	1	0
pfam3399	1	0
pfam3400	1	0
pfam3401	1	0
pfam3402	1	0
pfam3403	1	0
pfam3404	1	0
pfam3405	1	0
pfam3406	1	0
pfam3407	1	0
pfam3408	1	0
pfam3409	1	0
pfam3410	1	0
pfam3411	1	0
pfam3412	1	0
pfam3413	1	0
pfam3414	1	0
pfam3415	1	0
pfam3416	1	0
pfam3417	1	0
pfam3418	1	0
pfam3419	1	0
pfam3420	1	0
pfam3421	1	0
pfam3422	1	0
pfam3423	1	0
pfam3424	1	0
pfam3425	1	0
pfam3426	1	0
pfam3427	1	0
pfam3428	1	0
pfam3429	1	0
pfam3430	1	0
pfam3431	1	0
pfam3432	1	0
pfam3433	1	0
pfam3434	1	0
pfam3435	1	0
pfam3436	1	0
pfam3437	1	0
pfam3438	1	0
pfam3439	1	0
pfam3440	1	0
pfam3441	1	0
pfam3442	1	0
pfam3443	1	0
pfam3444	1	0
pfam3445	1	0
pfam3446	1	0
pfam3447	1	0
pfam3448	1	0
pfam3449	1	0
pfam3450	1	0
pfam3451	1	0
pfam3452	1	0
pfam3453	1	0
pfam3454	1	0
pfam3455	1	0
pfam3456	1	0
pfam3457	1	0
pfam3458	1	0
pfam3459	1	0
pfam3460	1	0
pfam3461	1	0
pfam3462	1	0
pfam3463	1	0
pfam3464	1	0
pfam3465	1	0
pfam3466	1	0
pfam3467	1	0
pfam3468	1	0
pfam3469	1	0
pfam3470	1	0
pfam3471	1	0
pfam3472	1	0
pfam3473	1	0
pfam3474	1	0
pfam3475	1	0
pfam3476	1	0
pfam3477	1	0
pfam3478	1	0
pfam3479	1	0
pfam3480	1	0
pfam3481	1	0
pfam3482	1	0
pfam3483	1	0
pfam3484	1	0
pfam3485	1	0
pfam3486	1	0
pfam3487	1	0
pfam3488	1	0
pfam3489	1	0
pfam3490	1	0
pfam3491	1	0
pfam3492	1	0
pfam3493	1	0
pfam3494	1	0
pfam3495	1	0
pfam3496	1	0
pfam3497	1	0
pfam3498	1	0
pfam3499	1	0
pfam3500	1	0
pfam3501	1	0
pfam3502	1	0
pfam3503	1	0
pfam3504	1	0
pfam3505	1	0
pfam3506	1	0
pfam3507	1	0
pfam3508	1	0
pfam3509	1	0
pfam3510	1	0
pfam3511	1	0
pfam3512	1	0
pfam3513	1	0
pfam3514	1	0
pfam3515	1	0
pfam3516	1	0
pfam3517	1	0
pfam3518	1	0
pfam3519	1	0
pfam3520	1	0
pfam3521	1	0
pfam3522	1	0
pfam3523	1	0
pfam3524	1	0
pfam3525	1	0
pfam3526	1	0
pfam3527	1	0
pfam3528	1	0
pfam3529	1	0
pfam3530	1	0
pfam3531	1	0
pfam3532	1	0
pfam3533	1	0
pfam3534	1	0
pfam3535	1	0
pfam3536	1	0
pfam3537	1	0
pfam3538	1	0
pfam3539	1	0
pfam3540	1	0
pfam3541	1	0
pfam3542	1	0
pfam3543	1	0
pfam3544	1	0
pfam3545	1	0
pfam3546	1	0
pfam3547	1	0
pfam3548	1	0
pfam3549	1	0
pfam3550	1	0
pfam3551	1	0
pfam3552	1	0
pfam3553	1	0
pfam3554	1	0
pfam3555	1	0
pfam3556	1	0
pfam3557	1	0
pfam3558	1	0
pfam3559	1	0
pfam3560	1	0
pfam3561	1	0
pfam3562	1	0
pfam3563	1	0
pfam3564	1	0
pfam3565	1	0
pfam3566	1	0
pfam3567	1	0
pfam3568	1	0
pfam3569	1	0
pfam3570	1	0
pfam3571	1	0
pfam3572	1	0
pfam3573	1	0
pfam3574	1	0
pfam3575	1	0
pfam3576	1	0
pfam3577	1	0
pfam3578	1	0
pfam3579	1	0
pfam3580	1	0
pfam3581	1	0
pfam3582	1	0
pfam3583	1	0
pfam3584	1	0
pfam3585	1	0
pfam3586	1	0
pfam3587	1	0
pfam3588	1	0
pfam3589	1	0
pfam3590	1	0
pfam3591	1	0
pfam3592	1	0
pfam3593	1	0
pfam3594	1	0
pfam3595	1	0
pfam3596	1	0
pfam3597	1	0
pfam3598	1	0
pfam3599	1	0
pfam3600	1	0
pfam3601	1	0
pfam3602	1	0
pfam3603	1	0
pfam3604	1	0
pfam3605	1	0
pfam3606	1	0
pfam3607	1	0
pfam3608	1	0
pfam3609	1	0
pfam3610	1	0
pfam3611	1	0
pfam3612	1	0
pfam3613	1	0
pfam3614	1	0
pfam3615	1	0
pfam3616	1	0
pfam3617	1	0
pfam3618	1	0
pfam3619	1	0
pfam3620	1	0
pfam3621	1	0
pfam3622	1	0
pfam3623	1	0
pfam3624	1	0
pfam3625	1	0
pfam3626	1	0
pfam3627	1	0
pfam3628	1	0
pfam3629	1	0
pfam3630	1	0
pfam3631	1	0
pfam3632	1	0
pfam3633	1	0
pfam3634	1	0
pfam3635	1	0
pfam3636	1	0
pfam3637	1	0
pfam3638	1	0
pfam3639	1	0
pfam3640	1	0
pfam3641	1	0
pfam3642	1	0
pfam3643	1	0
pfam3644	1	0
pfam3645	1	0
pfam3646	1	0
pfam3647	1	0
pfam3648	1	0
pfam3649	1	0
pfam3650	1	0
pfam3651	1	0
pfam3652	1	0
pfam3653	1	0
pfam3654	1	0
pfam3655	1	0
pfam3656	1	0
pfam3657	1	0
pfam3658	1	0
pfam3659	1	0
pfam3660	1	0
pfam3661	1	0
pfam3662	1	0
pfam3663	1	0
pfam3664	1	0
pfam3665	1	0
pfam3666	1	0
pfam3667	1	0
pfam3668	1	0
pfam3669	1	0
pfam3670	1	0
pfam3671	1	0
pfam3672	1	0
pfam3673	1	0
pfam3674	1	0
pfam3675	1	0
pfam3676	1	0
pfam3677	1	0
pfam3678	1	0
pfam3679	1	0
pfam3680	1	0
pfam3681	1	0
pfam3682	1	0
pfam3683	1	0
pfam3684	1	0
pfam3685	1	0
pfam3686	1	0
pfam3687	1	0
pfam3688	1	0
pfam3689	1	0
pfam3690	1	0
pfam3691	1	0
pfam3692	1	0
pfam3693	1	0
pfam3694	1	0
pfam3695	1	0
pfam3696	1	0
pfam3697	1	0
pfam3698	1	0
pfam3699	1	0
pfam3700	1	0
pfam3701	1	0
pfam3702	1	0
pfam3703	1	0
pfam3704	1	0
pfam3705	1	0
pfam3706	1	0
pfam3707	1	0
pfam3708	1	0
pfam3709	1	0
pfam3710	1	0
pfam3711	1	0
pfam3712	1	0
pfam3713	1	0
pfam3714	1	0
pfam3715	1	0
pfam3716	1	0
pfam3717	1	0
pfam3718	1	0
pfam3719	1	0
pfam3720	1	0
pfam3721	1	0
pfam3722	1	0
pfam3723	1	0
pfam3724	1	0
pfam3725	1	0
pfam3726	1	0
pfam3727	1	0
pfam3728	1	0
pfam3729	1	0
pfam3730	1	0
pfam3731	1	0
pfam3732	1	0
pfam3733	1	0
pfam3734	1	0
pfam3735	1	0
pfam3736	1	0
pfam3737	1	0
pfam3738	1	0
pfam3739	1	0
pfam3740	1	0
pfam3741	1	0
pfam3742	1	0
pfam3743	1	0
pfam3744	1	0
pfam3745	1	0
pfam3746	1	0
pfam3747	1	0
pfam3748	1	0
pfam3749	1	0
pfam3750	1	0
pfam3751	1	0
pfam3752	1	0
pfam3753	1	0
pfam3754	1	0
pfam3755	1	0
pfam3756	1	0
pfam3757	1	0
pfam3758	1	0
pfam3759	1	0
pfam3760	1	0
pfam3761	1	0
pfam3762	1	0
pfam3763	1	0
pfam3764	1	0
pfam3765	1	0
pfam3766	1	0
pfam3767	1	0
pfam3768	1	0
pfam3769	1	0
pfam3770	1	0
pfam3771	1	0
pfam3772	1	0
pfam3773	1	0
pfam3774	1	0
pfam3775	1	0
pfam3776	1	0
pfam3777	1	0
pfam3778	1	0
pfam3779	1	0
pfam3780	1	0
pfam3781	1	0
pfam3782	1	0
pfam3783	1	0
pfam3784	1	0
pfam3785	1	0
pfam3786	1	0
pfam3787	1	0
pfam3788	1	0
pfam3789	1	0
pfam3790	1	0
pfam3791	1	0
pfam3792	1	0
pfam3793	1	0
pfam3794	1	0
pfam3795	1	0
pfam3796	1	0
pfam3797	1	0
pfam3798	1	0
pfam3799	1	0
pfam3800	1	0
pfam3801	1	0
pfam3802	1	0
pfam3803	1	0
pfam3804	1	0
pfam3805	1	0
pfam3806	1	0
pfam3807	1	0
pfam3808	1	0
pfam3809	1	0
pfam3810	1	0
pfam3811	1	0
pfam3812	1	0
pfam3813	1	0
pfam3814	1	0
pfam3815	1	0
pfam3816	1	0
pfam3817	1	0
pfam3818	1	0
pfam3819	1	0
pfam3820	1	0
pfam3821	1	0
pfam3822	1	0
pfam3823	1	0
pfam3824	1	0
pfam3825	1	0
pfam3826	1	0
pfam3827	1	0
pfam3828	1	0
pfam3829	1	0
pfam3830	1	0
pfam3831	1	0
pfam3832	1	0
pfam3833	1	0
pfam3834	1	0
pfam3835	1	0
pfam3836	1	0
pfam3837	1	0
pfam3838	1	0
pfam3839	1	0
pfam3840	1	0
pfam3841	1	0
pfam3842	1	0
pfam3843	1	0
pfam3844	1	0
pfam3845	1	0
pfam3846	1	0
pfam3847	1	0
pfam3848	1	0
pfam3849	1	0
pfam3850	1	0
pfam3851	1	0
pfam3852	1	0
pfam3853	1	0
pfam3854	1	0
pfam3855	1	0
pfam3856	1	0
pfam3857	1	0
pfam3858	1	0
pfam3859	1	0
pfam3860	1	0
pfam3861	1	0
pfam3862	1	0
pfam3863	1	0
pfam3864	1	0
pfam3865	1	0
pfam3866	1	0
pfam3867	1	0
pfam3868	1	0
pfam3869	1	0
pfam3870	1	0
pfam3871	1	0
pfam3872	1	0
pfam3873	1	0
pfam3874	1	0
pfam3875	1	0
pfam3876	1	0
pfam3877	1	0
pfam3878	1	0
pfam3879	1	0
pfam3880	1	0
pfam3881	1	0
pfam3882	1	0
pfam3883	1	0
pfam3884	1	0
pfam3885	1	0
pfam3886	1	0
pfam3887	1	0
pfam3888	1	0
pfam3889	1	0
pfam3890	1	0
pfam3891	1	0
pfam3892	1	0
pfam3893	1	0
pfam3894	1	0
pfam3895	1	0
pfam3896	1	0
pfam3897	1	0
pfam3898	1	0
pfam3899	1	0
pfam3900	1	0
pfam3901	1	0
pfam3902	1	0
pfam3903	1	0
pfam3904	1	0
pfam3905	1	0
pfam3906	1	0
pfam3907	1	0
pfam3908	1	0
pfam3909	1	0
pfam3910	1	0
pfam3911	1	0
pfam3912	1	0
pfam3913	1	0
pfam3914	1	0
pfam3915	1	0
pfam3916	1	0
pfam3917	1	0
pfam3918	1	0
pfam3919	1	0
pfam3920	1	0
pfam3921	1	0
pfam3922	1	0
pfam3923	1	0
pfam3924	1	0
pfam3925	1	0
pfam3926	1	0
pfam3927	1	0
pfam3928	1	0
pfam3929	1	0
pfam3930	1	0
pfam3931	1	0
pfam3932	1	0
pfam3933	1	0
pfam3934	1	0
pfam3935	1	0
pfam3936	1	0
pfam3937	1	0
pfam3938	1	0
pfam3939	1	0
pfam3940	1	0
pfam3941	1	0
pfam3942	1	0
pfam3943	1	0
pfam3944	1	0
pfam3945	1	0
pfam3946	1	0
pfam3947	1	0
pfam3948	1	0
pfam3949	1	0
pfam3950	1	0
pfam3951	1	0
pfam3952	1	0
pfam3953	1	0
pfam3954	1	0
pfam3955	1	0
pfam3956	1	0
pfam3957	1	0
pfam3958	1	0
pfam3959	1	0
pfam3960	1	0
pfam3961	1	0
pfam3962	1	0
pfam3963	1	0
pfam3964	1	0
pfam3965	1	0
pfam3966	1	0
pfam3967	1	0
pfam3968	1	0
pfam3969	1	0
pfam3970	1	0
pfam3971	1	0
pfam3972	1	0
pfam3973	1	0
pfam3974	1	0
pfam3975	1	0
pfam3976	1	0
pfam3977	1	0
pfam3978	1	0
pfam3979	1	0
pfam3980	1	0
pfam3981	1	0
pfam3982	1	0
pfam3983	1	0
pfam3984	1	0
pfam3985	1	0
pfam3986	1	0
pfam3987	1	0
pfam3988	1	0
pfam3989	1	0
pfam3990	1	0
pfam3991	1	0
pfam3992	1	0
pfam3993	1	0
pfam3994	1	0
pfam3995	1	0
pfam3996	1	0
pfam3997	1	0
pfam3998	1	0
pfam3999	1	0
pfam4000	1	0
pfam4001	1	0
pfam4002	1	0
pfam4003	1	0
pfam4004	1	0
pfam4005	1	0
pfam4006	1	0
pfam4007	1	0
pfam4008	1	0
pfam4009	1	0
pfam4010	1	0
pfam4011	1	0
pfam4012	1	0
pfam4013	1	0
pfam4014	1	0
pfam4015	1	0
pfam4016	1	0
pfam4017	1	0
pfam4018	1	0
pfam4019	1	0
pfam4020	1	0
pfam4021	1	0
pfam4022	1	0
pfam4023	1	0
pfam4024	1	0
pfam4025	1	0
pfam4026	1	0
pfam4027	1	0
pfam4028	1	0
pfam4029	1	0
pfam4030	1	0
pfam4031	1	0
pfam4032	1	0
pfam4033	1	0
pfam4034	1	0
pfam4035	1	0
pfam4036	1	0
pfam4037	1	0
pfam4038	1	0
pfam4039	1	0
pfam4040	1	0
pfam4041	1	0
pfam4042	1	0
pfam4043	1	0
pfam4044	1	0
pfam4045	1	0
pfam4046	1	0
pfam4047	1	0
pfam4048	1	0
pfam4049	1	0
pfam4050	1	0
pfam4051	1	0
pfam4052	1	0
pfam4053	1	0
pfam4054	1	0
pfam4055	1	0
pfam4056	1	0
pfam4057	1	0
pfam4058	1	0
pfam4059	1	0
pfam4060	1	0
pfam4061	1	0
pfam4062	1	0
pfam4063	1	0
pfam4064	1	0
pfam4065	1	0
pfam4066	1	0
pfam4067	1	0
pfam4068	1	0
pfam4069	1	0
pfam4070	1	0
pfam4071	1	0
pfam4072	1	0
pfam4073	1	0
pfam4074	1	0
pfam4075	1	0
pfam4076	1	0
pfam4077	1	0
pfam4078	1	0
pfam4079	1	0
pfam4080	1	0
pfam4081	1	0
pfam4082	1	0
pfam4083	1	0
pfam4084	1	0
pfam4085	1	0
pfam4086	1	0
pfam4087	1	0
pfam4088	1	0
pfam4089	1	0
pfam4090	1	0
pfam4091	1	0
pfam4092	1	0
pfam4093	1	0
pfam4094	1	0
pfam4095	1	0
pfam4096	1	0
pfam4097	1	0
pfam4098	1	0
pfam4099	1	0
pfam4100	1	0
pfam4101	1	0
pfam4102	1	0
pfam4103	1	0
pfam4104	1	0
pfam4105	1	0
pfam4106	1	0
pfam4107	1	0
pfam4108	1	0
pfam4109	1	0
pfam4110	1	0
pfam4111	1	0
pfam4112	1	0
pfam4113	1	0
pfam4114	1	0
pfam4115	1	0
pfam4116	1	0
pfam4117	1	0
pfam4118	1	0
pfam4119	1	0
pfam4120	1	0
pfam4121	1	0
pfam4122	1	0
pfam4123	1	0
pfam4124	1	0
pfam4125	1	0
pfam4126	1	0
pfam4127	1	0
pfam4128	1	0
pfam4129	1	0
pfam4130	1	0
pfam4131	1	0
pfam4132	1	0
pfam4133	1	0
pfam4134	1	0
pfam4135	1	0
pfam4136	1	0
pfam4137	1	0
pfam4138	1	0
pfam4139	1	0
pfam4140	1	0
pfam4141	1	0
pfam4142	1	0
pfam4143	1	0
pfam4144	1	0
pfam4145	1	0
pfam4146	1	0
pfam4147	1	0
pfam4148	1	0
pfam4149	1	0
pfam4150	1	0
pfam4151	1	0
pfam4152	1	0
pfam4153	1	0
pfam4154	1	0
pfam4155	1	0
pfam4156	1	0
pfam4157	1	0
pfam4158	1	0
pfam4159	1	0
pfam4160	1	0
pfam4161	1	0
pfam4162	1	0
pfam4163	1	0
pfam4164	1	0
pfam4165	1	0
pfam4166	1	0
pfam4167	1	0
pfam4168	1	0
pfam4169	1	0
pfam4170	1	0
pfam4171	1	0
pfam4172	1	0
pfam4173	1	0
pfam4174	1	0
pfam4175	1	0
pfam4176	1	0
pfam4177	1	0
pfam4178	1	0
pfam4179	1	0
pfam4180	1	0
pfam4181	1	0
pfam4182	1	0
pfam4183	1	0
pfam4184	1	0
pfam4185	1	0
pfam4186	1	0
pfam4187	1	0
pfam4188	1	0
pfam4189	1	0
pfam4190	1	0
pfam4191	1	0
pfam4192	1	0
pfam4193	1	0
pfam4194	1	0
pfam4195	1	0
pfam4196	1	0
pfam4197	1	0
pfam4198	1	0
pfam4199	1	0
pfam4200	1	0
pfam4201	1	0
pfam4202	1	0
pfam4203	1	0
pfam4204	1	0
pfam4205	1	0
pfam4206	1	0
pfam4207	1	0
pfam4208	1	0
pfam4209	1	0
pfam4210	1	0
pfam4211	1	0
pfam4212	1	0
pfam4213	1	0
pfam4214	1	0
pfam4215	1	0
pfam4216	1	0
pfam4217	1	0
pfam4218	1	0
pfam4219	1	0
pfam4220	1	0
pfam4221	1	0
pfam4222	1	0
pfam4223	1	0
pfam4224	1	0
pfam4225	1	0
pfam4226	1	0
pfam4227	1	0
pfam4228	1	0
pfam4229	1	0
pfam4230	1	0
pfam4231	1	0
pfam4232	1	0
pfam4233	1	0
pfam4234	1	0
pfam4235	1	0
pfam4236	1	0
pfam4237	1	0
pfam4238	1	0
pfam4239	1	0
pfam4240	1	0
pfam4241	1	0
pfam4242	1	0
pfam4243	1	0
pfam4244	1	0
pfam4245	1	0
pfam4246	1	0
pfam4247	1	0
pfam4248	1	0
pfam4249	1	0
pfam4250	1	0
pfam4251	1	0
pfam4252	1	0
pfam4253	1	0
pfam4254	1	0
pfam4255	1	0
pfam4256	1	0
pfam4257	1	0
pfam4258	1	0
pfam4259	1	0
pfam4260	1	0
pfam4261	1	0
pfam4262	1	0
pfam4263	1	0
pfam4264	1	0
pfam4265	1	0
pfam4266	1	0
pfam4267	1	0
pfam4268	1	0
pfam4269	1	0
pfam4270	1	0
pfam4271	1	0
pfam4272	1	0
pfam4273	1	0
pfam4274	1	0
pfam4275	1	0
pfam4276	1	0
pfam4277	1	0
pfam4278	1	0
pfam4279	1	0
pfam4280	1	0
pfam4281	1	0
pfam4282	1	0
pfam4283	1	0
pfam4284	1	0
pfam4285	1	0
pfam4286	1	0
pfam4287	1	0
pfam4288	1	0
pfam4289	1	0
pfam4290	1	0
pfam4291	1	0
pfam4292	1	0
pfam4293	1	0
pfam4294	1	0
pfam4295	1	0
pfam4296	1	0
pfam4297	1	0
pfam4298	1	0
pfam4299	1	0
pfam4300	1	0
pfam4301	1	0
pfam4302	1	0
pfam4303	1	0
pfam4304	1	0
pfam4305	1	0
pfam4306	1	0
pfam4307	1	0
pfam4308	1	0
pfam4309	1	0
pfam4310	1	0
pfam4311	1	0
pfam4312	1	0
pfam4313	1	0
pfam4314	1	0
pfam4315	1	0
pfam4316	1	0
pfam4317	1	0
pfam4318	1	0
pfam4319	1	0
pfam4320	1	0
pfam4321	1	0
pfam4322	1	0
pfam4323	1	0
pfam4324	1	0
pfam4325	1	0
pfam4326	1	0
pfam4327	1	0
pfam4328	1	0
pfam4329	1	0
pfam4330	1	0
pfam4331	1	0
pfam4332	1	0
pfam4333	1	0
pfam4334	1	0
pfam4335	1	0
pfam4336	1	0
pfam4337	1	0
pfam4338	1	0
pfam4339	1	0
pfam4340	1	0
pfam4341	1	0
pfam4342	1	0
pfam4343	1	0
pfam4344	1	0
pfam4345	1	0
pfam4346	1	0
pfam4347	1	0
pfam4348	1	0
pfam4349	1	0
pfam4350	1	0
pfam4351	1	0
pfam4352	1	0
pfam4353	1	0
pfam4354	1	0
pfam4355	1	0
pfam4356	1	0
pfam4357	1	0
pfam4358	1	0
pfam4359	1	0
pfam4360	1	0
pfam4361	1	0
pfam4362	1	0
pfam4363	1	0
pfam4364	1	0
pfam4365	1	0
pfam4366	1	0
pfam4367	1	0
pfam4368	1	0
pfam4369	1	0
pfam4370	1	0
pfam4371	1	0
pfam4372	1	0
pfam4373	1	0
pfam4374	1	0
pfam4375	1	0
pfam4376	1	0
pfam4377	1	0
pfam4378	1	0
pfam4379	1	0
pfam4380	1	0
pfam4381	1	0
pfam4382	1	0
pfam4383	1	0
pfam4384	1	0
pfam4385	1	0
pfam4386	1	0
pfam4387	1	0
pfam4388	1	0
pfam4389	1	0
pfam4390	1	0
pfam4391	1	0
pfam4392	1	0
pfam4393	1	0
pfam4394	1	0
pfam4395	1	0
pfam4396	1	0
pfam4397	1	0
pfam4398	1	0
pfam4399	1	0
pfam4400	1	0
pfam4401	1	0
pfam4402	1	0
pfam4403	1	0
pfam4404	1	0
pfam4405	1	0
pfam4406	1	0
pfam4407	1	0
pfam4408	1	0
pfam4409	1	0
pfam4410	1	0
pfam4411	1	0
pfam4412	1	0
pfam4413	1	0
pfam4414	1	0
pfam4415	1	0
pfam4416	1	0
pfam4417	1	0
pfam4418	1	0
pfam4419	1	0
pfam4420	1	0
pfam4421	1	0
pfam4422	1	0
pfam4423	1	0
pfam4424	1	0
pfam4425	1	0
pfam4426	1	0
pfam4427	1	0
pfam4428	1	0
pfam4429	1	0
pfam4430	1	0
pfam4431	1	0
pfam4432	1	0
pfam4433	1	0
pfam4434	1	0
pfam4435	1	0
pfam4436	1	0
pfam4437	1	0
pfam4438	1	0
pfam4439	1	0
pfam4440	1	0
pfam4441	1	0
pfam4442	1	0
pfam4443	1	0
pfam4444	1	0
pfam4445	1	0
pfam4446	1	0
pfam4447	1	0
pfam4448	1	0
pfam4449	1	0
pfam4450	1	0
pfam4451	1	0
pfam4452	1	0
pfam4453	1	0
pfam4454	1	0
pfam4455	1	0
pfam4456	1	0
pfam4457	1	0
pfam4458	1	0
pfam4459	1	0
pfam4460	1	0
pfam4461	1	0
pfam4462	1	0
pfam4463	1	0
pfam4464	1	0
pfam4465	1	0
pfam4466	1	0
pfam4467	1	0
pfam4468	1	0
pfam4469	1	0
pfam4470	1	0
pfam4471	1	0
pfam4472	1	0
pfam4473	1	0
pfam4474	1	0
pfam4475	1	0
pfam4476	1	0
pfam4477	1	0
pfam4478	1	0
pfam4479	1	0
pfam4480	1	0
pfam4481	1	0
pfam4482	1	0
pfam4483	1	0
pfam4484	1	0
pfam4485	1	0
pfam4486	1	0
pfam4487	1	0
pfam4488	1	0
pfam4489	1	0
pfam4490	1	0
pfam4491	1	0
pfam4492	1	0
pfam4493	1	0
pfam4494	1	0
pfam4495	1	0
pfam4496	1	0
pfam4497	1	0
pfam4498	1	0
pfam4499	1	0
pfam4500	1	0
pfam4501	1	0
pfam4502	1	0
pfam4503	1	0
pfam4504	1	0
pfam4505	1	0
pfam4506	1	0
pfam4507	1	0
pfam4508	1	0
pfam4509	1	0
pfam4510	1	0
pfam4511	1	0
pfam4512	1	0
pfam4513	1	0
pfam4514	1	0
pfam4515	1	0
pfam4516	1	0
pfam4517	1	0
pfam4518	1	0
pfam4519	1	0
pfam4520	1	0
pfam4521	1	0
pfam4522	1	0
pfam4523	1	0
pfam4524	1	0
pfam4525	1	0
pfam4526	1	0
pfam4527	1	0
pfam4528	1	0
pfam4529	1	0
pfam4530	1	0
pfam4531	1	0
pfam4532	1	0
pfam4533	1	0
pfam4534	1	0
pfam4535	1	0
pfam4536	1	0
pfam4537	1	0
pfam4538	1	0
pfam4539	1	0
pfam4540	1	0
pfam4541	1	0
pfam4542	1	0
pfam4543	1	0
pfam4544	1	0
pfam4545	1	0
pfam4546	1	0
pfam4547	1	0
pfam4548	1	0
pfam4549	1	0
pfam4550	1	0
pfam4551	1	0
pfam4552	1	0
pfam4553	1	0
pfam4554	1	0
pfam4555	1	0
pfam4556	1	0
pfam4557	1	0
pfam4558	1	0
pfam4559	1	0
pfam4560	1	0
pfam4561	1	0
pfam4562	1	0
pfam4563	1	0
pfam4564	1	0
pfam4565	1	0
pfam4566	1	0
pfam4567	1	0
pfam4568	1	0
pfam4569	1	0
pfam4570	1	0
pfam4571	1	0
pfam4572	1	0
pfam4573	1	0
pfam4574	1	0
pfam4575	1	0
pfam4576	1	0
pfam4577	1	0
pfam4578	1	0
pfam4579	1	0
pfam4580	1	0
pfam4581	1	0
pfam4582	1	0
pfam4583	1	0
pfam4584	1	0
pfam4585	1	0
pfam4586	1	0
pfam4587	1	0
pfam4588	1	0
pfam4589	1	0
pfam4590	1	0
pfam4591	1	0
pfam4592	1	0
pfam4593	1	0
pfam4594	1	0
pfam4595	1	0
pfam4596	1	0
pfam4597	1	0
pfam4598	1	0
pfam4599	1	0
pfam4600	1	0
pfam4601	1	0
pfam4602	1	0
pfam4603	1	0
pfam4604	1	0
pfam4605	1	0
pfam4606	1	0
pfam4607	1	0
pfam4608	1	0
pfam4609	1	0
pfam4610	1	0
pfam4611	1	0
pfam4612	1	0
pfam4613	1	0
pfam4614	1	0
pfam4615	1	0
pfam4616	1	0
pfam4617	1	0
pfam4618	1	0
pfam4619	1	0
pfam4620	1	0
pfam4621	1	0
pfam4622	1	0
pfam4623	1	0
pfam4624	1	0
pfam4625	1	0
pfam4626	1	0
pfam4627	1	0
pfam4628	1	0
pfam4629	1	0
pfam4630	1	0
pfam4631	1	0
pfam4632	1	0
pfam4633	1	0
pfam4634	1	0
pfam4635	1	0
pfam4636	1	0
pfam4637	1	0
pfam4638	1	0
pfam4639	1	0
pfam4640	1	0
pfam4641	1	0
pfam4642	1	0
pfam4643	1	0
pfam4644	1	0
pfam4645	1	0
pfam4646	1	0
pfam4647	1	0
pfam4648	1	0
pfam4649	1	0
pfam4650	1	0
pfam4651	1	0
pfam4652	1	0
pfam4653	1	0
pfam4654	1	0
pfam4655	1	0
pfam4656	1	0
pfam4657	1	0
pfam4658	1	0
pfam4659	1	0
pfam4660	1	0
pfam4661	1	0
pfam4662	1	0
pfam4663	1	0
pfam4664	1	0
pfam4665	1	0
pfam4666	1	0
pfam4667	1	0
pfam4668	1	0
pfam4669	1	0
pfam4670	1	0
pfam4671	1	0
pfam4672	1	0
pfam4673	1	0
pfam4674	1	0
pfam4675	1	0
pfam4676	1	0
pfam4677	1	0
pfam4678	1	0
pfam4679	1	0
pfam4680	1	0
pfam4681	1	0
pfam4682	1	0
pfam4683	1	0
pfam4684	1	0
pfam4685	1	0
pfam4686	1	0
pfam4687	1	0
pfam4688	1	0
pfam4689	1	0
pfam4690	1	0
pfam4691	1	0
pfam4692	1	0
pfam4693	1	0
pfam4694	1	0
pfam4695	1	0
pfam4696	1	0
pfam4697	1	0
pfam4698	1	0
pfam4699	1	0
pfam4700	1	0
pfam4701	1	0
pfam4702	1	0
pfam4703	1	0
pfam4704	1	0
pfam4705	1	0
pfam4706	1	0
pfam4707	1	0
pfam4708	1	0
pfam4709	1	0
pfam4710	0	1
pfam4711	0	1
pfam4712	0	1
pfam4713	0	1
pfam4714	0	1
pfam4715	0	1
pfam4716	0	1
pfam4717	0	1
pfam4718	0	1
pfam4719	0	1
pfam4720	0	1
pfam4721	0	1
pfam4722	0	1
pfam4723	0	1
pfam4724	0	1
pfam4725	0	1
pfam4726	0	1
pfam4727	0	1
pfam4728	0	1
pfam4729	0	1
pfam4730	0	1
pfam4731	0	1
pfam4732	0	1
pfam4733	0	1
pfam4734	0	1
pfam4735	0	1
pfam4736	0	1
pfam4737	0	1
pfam4738	0	1
pfam4739	0	1
pfam4740	0	1
pfam4741	0	1
pfam4742	0	1
pfam4743	0	1
pfam4744	0	1
pfam4745	0	1
pfam4746	0	1
pfam4747	0	1
pfam4748	0	1
pfam4749	0	1
pfam4750	0	1
pfam4751	0	1
pfam4752	0	1
pfam4753	0	1
pfam4754	0	1
pfam4755	0	1
pfam4756	0	1
pfam4757	0	1
pfam4758	0	1
pfam4759	0	1
pfam4760	0	1
pfam4761	0	1
pfam4762	0	1
pfam4763	0	1
pfam4764	0	1
pfam4765	0	1
pfam4766	0	1
pfam4767	0	1
pfam4768	0	1
pfam4769	0	1
pfam4770	0	1
pfam4771	0	1
pfam4772	0	1
pfam4773	0	1
pfam4774	0	1
pfam4775	0	1
pfam4776	0	1
pfam4777	0	1
pfam4778	0	1
pfam4779	0	1
pfam4780	0	1
pfam4781	0	1
pfam4782	0	1
pfam4783	0	1
pfam4784	0	1
pfam4785	0	1
pfam4786	0	1
pfam4787	0	1
pfam4788	0	1
pfam4789	0	1
pfam4790	0	1
pfam4791	0	1
pfam4792	0	1
pfam4793	0	1
pfam4794	0	1
pfam4795	0	1
pfam4796	0	1
pfam4797	0	1
pfam4798	0	1
pfam4799	0	1
pfam4800	0	1
pfam4801	0	1
pfam4802	0	1
pfam4803	0	1
pfam4804	0	1
pfam4805	0	1
pfam4806	0	1
pfam4807	0	1
pfam4808	0	1
pfam4809	0	1
pfam4810	0	1
pfam4811	0	1
pfam4812	0	1
pfam4813	0	1
pfam4814	0	1
pfam4815	0	1
pfam4816	0	1
pfam4817	0	1
